"company_name";"Country/Region";"sectors";"industries";"activities";"target_type";"Scope";"perc_scope1";"Base year_Target_1";"Target year_Target_1";"BaseYearEmissions_excl_scope3_Target_1";"MRY_excl_scope3_Target_1";"% reduction from base year_Target_1";"Base year_Target_2";"Target year_Target_2";"BaseYearEmissions_excl_scope3_Target_2";"MRY_excl_scope3_Target_2";"% reduction from base year_Target_2";"Base year_Target_3";"Target year_Target_3";"BaseYearEmissions_excl_scope3_Target_3";"MRY_excl_scope3_Target_3";"% reduction from base year_Target_3";"Base year_Target_4";"Target year_Target_4";"BaseYearEmissions_excl_scope3_Target_4";"MRY_excl_scope3_Target_4";"% reduction from base year_Target_4"
"Abertis Infraestructuras";"Brazil";"Construction, Land & property ownership & development, Specialized professional services";"Infrastructure, Services";"Engineering services, Infrastructure upkeep & management, Transportation infrastructure & other construction, Utility line construction";"absolute";"Scope 2";0;2015;2020;5538.40655947582;5377.79;10;NA;NA;NA;NA;NA;NA;NA;NA;NA;NA;NA;NA;NA;NA;NA
"Abertis Infraestructuras";"France";"Construction, Land & property ownership & development, Specialized professional services";"Infrastructure, Services";"Engineering services, Infrastructure upkeep & management, Transportation infrastructure & other construction, Utility line construction";"absolute";"Scope 2";0;2015;2020;4383.28753005309;4256.17;10;NA;NA;NA;NA;NA;NA;NA;NA;NA;NA;NA;NA;NA;NA;NA
"Abertis Infraestructuras";"India";"Construction, Land & property ownership & development, Specialized professional services";"Infrastructure, Services";"Engineering services, Infrastructure upkeep & management, Transportation infrastructure & other construction, Utility line construction";"absolute";"Scope 2";0;2015;2020;2405.44923042776;2335.69;10;NA;NA;NA;NA;NA;NA;NA;NA;NA;NA;NA;NA;NA;NA;NA
"Abertis Infraestructuras";"Italy";"Construction, Land & property ownership & development, Specialized professional services";"Infrastructure, Services";"Engineering services, Infrastructure upkeep & management, Transportation infrastructure & other construction, Utility line construction";"absolute";"Scope 2";0;2015;2020;384.7272835911;373.57;10;NA;NA;NA;NA;NA;NA;NA;NA;NA;NA;NA;NA;NA;NA;NA
"Abertis Infraestructuras";"Puerto Rico";"Construction, Land & property ownership & development, Specialized professional services";"Infrastructure, Services";"Engineering services, Infrastructure upkeep & management, Transportation infrastructure & other construction, Utility line construction";"absolute";"Scope 2";0;2015;2020;1644.54255642168;1596.85;10;NA;NA;NA;NA;NA;NA;NA;NA;NA;NA;NA;NA;NA;NA;NA
"Abertis Infraestructuras";"Spain";"Construction, Land & property ownership & development, Specialized professional services";"Infrastructure, Services";"Engineering services, Infrastructure upkeep & management, Transportation infrastructure & other construction, Utility line construction";"absolute";"Scope 2";0;2015;2020;19128.2487788767;18573.52;10;NA;NA;NA;NA;NA;NA;NA;NA;NA;NA;NA;NA;NA;NA;NA
"ACEA SpA";"Italy";"Energy utility networks, Non-energy utilities, Renewable power generation, Thermal power generation";"Infrastructure, Power generation";"Biomass generation, CCGT generation, Electricity networks, Water supply networks";"absolute";"Scope 2";0;2011;2022;480000;398287;21;NA;NA;NA;NA;NA;NA;NA;NA;NA;NA;NA;NA;NA;NA;NA
"Adecco Group AG";"Belgium";"Commercial & consumer services";"Services";"Commercial services";"absolute";"Scope 2";0;2012;2022;600316.489682383;378779.851858902;12;NA;NA;NA;NA;NA;NA;NA;NA;NA;NA;NA;NA;NA;NA;NA
"Adecco Group AG";"France";"Commercial & consumer services";"Services";"Commercial services";"absolute";"Scope 2";0;2012;2022;1421603.31010567;896984.674681922;12;NA;NA;NA;NA;NA;NA;NA;NA;NA;NA;NA;NA;NA;NA;NA
"Adecco Group AG";"Germany";"Commercial & consumer services";"Services";"Commercial services";"absolute";"Scope 2";0;2012;2022;1220967.79188768;770390.297925007;12;NA;NA;NA;NA;NA;NA;NA;NA;NA;NA;NA;NA;NA;NA;NA
"Adecco Group AG";"Italy";"Commercial & consumer services";"Services";"Commercial services";"absolute";"Scope 2";0;2012;2022;1674910.64363717;1056813.22498645;12;NA;NA;NA;NA;NA;NA;NA;NA;NA;NA;NA;NA;NA;NA;NA
"Adecco Group AG";"Japan";"Commercial & consumer services";"Services";"Commercial services";"absolute";"Scope 2";0;2012;2022;659663.493523767;416225.848611717;12;NA;NA;NA;NA;NA;NA;NA;NA;NA;NA;NA;NA;NA;NA;NA
"Adecco Group AG";"Netherlands";"Commercial & consumer services";"Services";"Commercial services";"absolute";"Scope 2";0;2012;2022;0;0;12;NA;NA;NA;NA;NA;NA;NA;NA;NA;NA;NA;NA;NA;NA;NA
"Adecco Group AG";"Spain";"Commercial & consumer services";"Services";"Commercial services";"absolute";"Scope 2";0;2012;2022;2200702.67929791;1388570.61096386;12;NA;NA;NA;NA;NA;NA;NA;NA;NA;NA;NA;NA;NA;NA;NA
"Adecco Group AG";"Sweden";"Commercial & consumer services";"Services";"Commercial services";"absolute";"Scope 2";0;2012;2022;0;0;12;NA;NA;NA;NA;NA;NA;NA;NA;NA;NA;NA;NA;NA;NA;NA
"Adecco Group AG";"United Kingdom";"Commercial & consumer services";"Services";"Commercial services";"absolute";"Scope 2";0;2012;2022;6708014.15704823;4232535.09164552;12;NA;NA;NA;NA;NA;NA;NA;NA;NA;NA;NA;NA;NA;NA;NA
"Adecco Group AG";"United States of America";"Commercial & consumer services";"Services";"Commercial services";"absolute";"Scope 2";0;2012;2022;24235096.6089008;15291544.4787506;12;NA;NA;NA;NA;NA;NA;NA;NA;NA;NA;NA;NA;NA;NA;NA
"AFLAC Incorporated";"United States of America";"Financial services";"Services";"Insurance";"absolute";"Scope 2";0;2007;2025;29765;11718;50;NA;NA;NA;NA;NA;NA;NA;NA;NA;NA;NA;NA;NA;NA;NA
"alstria office REIT-AG";"Germany";"Financial services";"Services";"REIT";"absolute";"Scope 2";0;2013;2020;2347;558;95;NA;NA;NA;NA;NA;NA;NA;NA;NA;NA;NA;NA;NA;NA;NA
"Amgen, Inc.";"Brazil";"Biotech & pharma";"Biotech, health care & pharma";"Biotechnology";"absolute";"Scope 2";0;2012;2020;87.228589641849;949.989124071447;20;NA;NA;NA;NA;NA;NA;NA;NA;NA;NA;NA;NA;NA;NA;NA
"Amgen, Inc.";"Canada";"Biotech & pharma";"Biotech, health care & pharma";"Biotechnology";"absolute";"Scope 2";0;2012;2020;3.12227613930555;34.0040849779489;20;NA;NA;NA;NA;NA;NA;NA;NA;NA;NA;NA;NA;NA;NA;NA
"Amgen, Inc.";"Ireland";"Biotech & pharma";"Biotech, health care & pharma";"Biotechnology";"absolute";"Scope 2";0;2012;2020;986.346546632495;10742.1029700652;20;NA;NA;NA;NA;NA;NA;NA;NA;NA;NA;NA;NA;NA;NA;NA
"Amgen, Inc.";"Netherlands";"Biotech & pharma";"Biotech, health care & pharma";"Biotechnology";"absolute";"Scope 2";0;2012;2020;301.10450518428;3279.26894506096;20;NA;NA;NA;NA;NA;NA;NA;NA;NA;NA;NA;NA;NA;NA;NA
"Amgen, Inc.";"Puerto Rico";"Biotech & pharma";"Biotech, health care & pharma";"Biotechnology";"absolute";"Scope 2";0;2012;2020;5133.80254205315;55911.2167249926;20;NA;NA;NA;NA;NA;NA;NA;NA;NA;NA;NA;NA;NA;NA;NA
"Amgen, Inc.";"United Kingdom of Great Britain and Northern Ireland";"Biotech & pharma";"Biotech, health care & pharma";"Biotechnology";"absolute";"Scope 2";0;2012;2020;90.936292557274;990.368974982762;20;NA;NA;NA;NA;NA;NA;NA;NA;NA;NA;NA;NA;NA;NA;NA
"Amgen, Inc.";"United States of America";"Biotech & pharma";"Biotech, health care & pharma";"Biotechnology";"absolute";"Scope 2";0;2012;2020;6953.2113911041;75726.0346182368;20;NA;NA;NA;NA;NA;NA;NA;NA;NA;NA;NA;NA;NA;NA;NA
"An Post";"Ireland";"Commercial & consumer services, Trading, wholesale, distribution, rental & leasing";"Services";"Commercial services, Dealers, wholesalers & distributors";"absolute";"Scope 2";0;2009;2020;12306;7298;59;NA;NA;NA;NA;NA;NA;NA;NA;NA;NA;NA;NA;NA;NA;NA
"AptarGroup";"Brazil";"Plastic product manufacturing";"Manufacturing";"Plastic products";"absolute";"Scope 2";0;2016;2020;1415.60412959119;1300.31643585545;32.5;NA;NA;NA;NA;NA;NA;NA;NA;NA;NA;NA;NA;NA;NA;NA
"AptarGroup";"China";"Plastic product manufacturing";"Manufacturing";"Plastic products";"absolute";"Scope 2";0;2016;2020;29828.6913455464;27399.4238967602;32.5;NA;NA;NA;NA;NA;NA;NA;NA;NA;NA;NA;NA;NA;NA;NA
"AptarGroup";"Czech Republic";"Plastic product manufacturing";"Manufacturing";"Plastic products";"absolute";"Scope 2";0;2016;2020;7446.91022470895;6840.42915608441;32.5;NA;NA;NA;NA;NA;NA;NA;NA;NA;NA;NA;NA;NA;NA;NA
"AptarGroup";"France";"Plastic product manufacturing";"Manufacturing";"Plastic products";"absolute";"Scope 2";0;2016;2020;1821.66488584063;1673.30734784122;32.5;NA;NA;NA;NA;NA;NA;NA;NA;NA;NA;NA;NA;NA;NA;NA
"AptarGroup";"Germany";"Plastic product manufacturing";"Manufacturing";"Plastic products";"absolute";"Scope 2";0;2016;2020;22637.0225358722;20793.4491337812;32.5;NA;NA;NA;NA;NA;NA;NA;NA;NA;NA;NA;NA;NA;NA;NA
"AptarGroup";"India";"Plastic product manufacturing";"Manufacturing";"Plastic products";"absolute";"Scope 2";0;2016;2020;7592.18775561772;6973.87519318783;32.5;NA;NA;NA;NA;NA;NA;NA;NA;NA;NA;NA;NA;NA;NA;NA
"AptarGroup";"Indonesia";"Plastic product manufacturing";"Manufacturing";"Plastic products";"absolute";"Scope 2";0;2016;2020;489.352112625215;449.498967731123;32.5;NA;NA;NA;NA;NA;NA;NA;NA;NA;NA;NA;NA;NA;NA;NA
"AptarGroup";"Ireland";"Plastic product manufacturing";"Manufacturing";"Plastic products";"absolute";"Scope 2";0;2016;2020;0;0;32.5;NA;NA;NA;NA;NA;NA;NA;NA;NA;NA;NA;NA;NA;NA;NA
"AptarGroup";"Italy";"Plastic product manufacturing";"Manufacturing";"Plastic products";"absolute";"Scope 2";0;2016;2020;0;0;32.5;NA;NA;NA;NA;NA;NA;NA;NA;NA;NA;NA;NA;NA;NA;NA
"AptarGroup";"Mexico";"Plastic product manufacturing";"Manufacturing";"Plastic products";"absolute";"Scope 2";0;2016;2020;7681.36985109646;7055.79424252581;32.5;NA;NA;NA;NA;NA;NA;NA;NA;NA;NA;NA;NA;NA;NA;NA
"AptarGroup";"Spain";"Plastic product manufacturing";"Manufacturing";"Plastic products";"absolute";"Scope 2";0;2016;2020;2367.08164606082;2174.30502288344;32.5;NA;NA;NA;NA;NA;NA;NA;NA;NA;NA;NA;NA;NA;NA;NA
"AptarGroup";"United Kingdom";"Plastic product manufacturing";"Manufacturing";"Plastic products";"absolute";"Scope 2";0;2016;2020;2853.12919772584;2620.76855518454;32.5;NA;NA;NA;NA;NA;NA;NA;NA;NA;NA;NA;NA;NA;NA;NA
"AptarGroup";"United States of America";"Plastic product manufacturing";"Manufacturing";"Plastic products";"absolute";"Scope 2";0;2016;2020;70014.338557892;64312.3266380032;32.5;NA;NA;NA;NA;NA;NA;NA;NA;NA;NA;NA;NA;NA;NA;NA
"ARTESYN EMBEDDED TECHNOLOGIES";"China";"Electrical & electronic equipment";"Manufacturing";"Electronic components";"absolute";"Scope 2";0;2014;2020;58427;42907.0901461127;2.5;NA;NA;NA;NA;NA;NA;NA;NA;NA;NA;NA;NA;NA;NA;NA
"Asia Cement Corp";"Taiwan (Province of China)";"Cement & concrete, Financial services, Land & property ownership & development, Metal smelting, refining & forming, Rail transport, Specialized professional services, Thermal power generation";"Infrastructure, Materials, Power generation, Services, Transportation services";"Banks, CCGT generation, Cement, Engineering services, Metal processing, Rail freight, Real estate owners & developers";"absolute";"Scope 2";0;2014;2020;209947;185618;5;NA;NA;NA;NA;NA;NA;NA;NA;NA;NA;NA;NA;NA;NA;NA
"Asia Vital Components Co., LTD";"China";"Electrical & electronic equipment";"Manufacturing";"Electronic components";"absolute";"Scope 2";0;2013;2020;41614.14;41614.14;5;NA;NA;NA;NA;NA;NA;NA;NA;NA;NA;NA;NA;NA;NA;NA
"Askul";"Japan";"Discretionary retail, Food & beverage processing, Intermodal transport & logistics";"Food, beverage & agriculture, Retail, Transportation services";"Discretionary delivery retail, Logistics - 3rd party, Non-alcoholic beverages";"absolute";"Scope 2";0;2015;2030;15143;22020.75;100;NA;NA;NA;NA;NA;NA;NA;NA;NA;NA;NA;NA;NA;NA;NA
"Assurant, Inc.";"United Kingdom of Great Britain and Northern Ireland";"Financial services, Other services";"Services";"Health care services, Insurance";"absolute";"Scope 2";0;2009;2020;1109.97848855137;847.499999999999;20;NA;NA;NA;NA;NA;NA;NA;NA;NA;NA;NA;NA;NA;NA;NA
"Assurant, Inc.";"United States of America";"Financial services, Other services";"Services";"Health care services, Insurance";"absolute";"Scope 2";0;2009;2020;34142.0215114486;26068.4;20;NA;NA;NA;NA;NA;NA;NA;NA;NA;NA;NA;NA;NA;NA;NA
"ASTM SpA";"Italy";"Construction, Industrial support services";"Infrastructure, Services";"Transportation infrastructure & other construction, Transportation support services, Utility line construction";"absolute";"Scope 2";0;2017;2021;27772;29054;18;NA;NA;NA;NA;NA;NA;NA;NA;NA;NA;NA;NA;NA;NA;NA
"AstraZeneca";"China";"Biotech & pharma";"Biotech, health care & pharma";"Pharmaceuticals";"absolute";"Scope 2";0;2015;2025;40701.3688685059;21344.6848355429;95;NA;NA;NA;NA;NA;NA;NA;NA;NA;NA;NA;NA;NA;NA;NA
"AstraZeneca";"Sweden";"Biotech & pharma";"Biotech, health care & pharma";"Pharmaceuticals";"absolute";"Scope 2";0;2015;2025;88215.6148075958;46262.1908792548;95;NA;NA;NA;NA;NA;NA;NA;NA;NA;NA;NA;NA;NA;NA;NA
"AstraZeneca";"United Kingdom";"Biotech & pharma";"Biotech, health care & pharma";"Pharmaceuticals";"absolute";"Scope 2";0;2015;2025;15039.8983475457;7887.25045646722;95;NA;NA;NA;NA;NA;NA;NA;NA;NA;NA;NA;NA;NA;NA;NA
"AstraZeneca";"United States of America";"Biotech & pharma";"Biotech, health care & pharma";"Pharmaceuticals";"absolute";"Scope 2";0;2015;2025;140412.027253315;73635.1270770333;95;NA;NA;NA;NA;NA;NA;NA;NA;NA;NA;NA;NA;NA;NA;NA
"AU Optronics";"China";"Electrical & electronic equipment, Renewable energy equipment";"Manufacturing";"Electronic components, Solar energy equipment";"absolute";"Scope 2";0;2017;2025;543771.023691038;492451.319999999;16.5;NA;NA;NA;NA;NA;NA;NA;NA;NA;NA;NA;NA;NA;NA;NA
"AU Optronics";"Japan";"Electrical & electronic equipment, Renewable energy equipment";"Manufacturing";"Electronic components, Solar energy equipment";"absolute";"Scope 2";0;2017;2025;15.5914839552414;14.12;16.5;NA;NA;NA;NA;NA;NA;NA;NA;NA;NA;NA;NA;NA;NA;NA
"AU Optronics";"Netherlands";"Electrical & electronic equipment, Renewable energy equipment";"Manufacturing";"Electronic components, Solar energy equipment";"absolute";"Scope 2";0;2017;2025;11.3181806332312;10.25;16.5;NA;NA;NA;NA;NA;NA;NA;NA;NA;NA;NA;NA;NA;NA;NA
"AU Optronics";"Slovakia";"Electrical & electronic equipment, Renewable energy equipment";"Manufacturing";"Electronic components, Solar energy equipment";"absolute";"Scope 2";0;2017;2025;1906.15829267528;1726.26;16.5;NA;NA;NA;NA;NA;NA;NA;NA;NA;NA;NA;NA;NA;NA;NA
"AU Optronics";"Taiwan (Province of China)";"Electrical & electronic equipment, Renewable energy equipment";"Manufacturing";"Electronic components, Solar energy equipment";"absolute";"Scope 2";0;2017;2025;2701345.12006666;2446399.15;16.5;NA;NA;NA;NA;NA;NA;NA;NA;NA;NA;NA;NA;NA;NA;NA
"AU Optronics";"United States of America";"Electrical & electronic equipment, Renewable energy equipment";"Manufacturing";"Electronic components, Solar energy equipment";"absolute";"Scope 2";0;2017;2025;13.4051427207245;12.14;16.5;NA;NA;NA;NA;NA;NA;NA;NA;NA;NA;NA;NA;NA;NA;NA
"Befimmo SA";"Belgium";"Financial services";"Services";"REIT";"absolute";"Scope 2";0;2016;2020;61;61;100;2016;2030;6039.42885085574;5934;23;NA;NA;NA;NA;NA;NA;NA;NA;NA;NA
"Befimmo SA";"Luxembourg";"Financial services";"Services";"REIT";"absolute";"Scope 2";0;2016;2020;0;0;100;2016;2030;204.571149144254;201;23;NA;NA;NA;NA;NA;NA;NA;NA;NA;NA
"Brewer Science";"United States of America";"Chemicals";"Manufacturing";"Specialty chemicals";"absolute";"Scope 2";0;2014;2030;6719.27;5075.3;100;NA;NA;NA;NA;NA;NA;NA;NA;NA;NA;NA;NA;NA;NA;NA
"Centrais Eletricas Brasileiras S/A (ELETROBRAS)";"Brazil";"Energy utility networks, Renewable power generation, Thermal power generation";"Infrastructure, Power generation";"CCGT generation, Electricity networks, Hydro generation, Non-CCGT generation";"absolute";"Scope 2";0;2016;2021;14801;1885581;1;NA;NA;NA;NA;NA;NA;NA;NA;NA;NA;NA;NA;NA;NA;NA
"CEWE Stiftung & Co. KGaA";"Czech Republic";"Commercial & consumer services, Discretionary retail";"Retail, Services";"Consumer services, Specialist retail";"absolute";"Scope 2";0;2015;2020;413;274.710227272727;50;NA;NA;NA;NA;NA;NA;NA;NA;NA;NA;NA;NA;NA;NA;NA
"CEWE Stiftung & Co. KGaA";"France";"Commercial & consumer services, Discretionary retail";"Retail, Services";"Consumer services, Specialist retail";"absolute";"Scope 2";0;2015;2020;113;75.1628466872108;50;NA;NA;NA;NA;NA;NA;NA;NA;NA;NA;NA;NA;NA;NA;NA
"CEWE Stiftung & Co. KGaA";"Germany";"Commercial & consumer services, Discretionary retail";"Retail, Services";"Consumer services, Specialist retail";"absolute";"Scope 2";0;2015;2020;8601;5721.02340138675;50;NA;NA;NA;NA;NA;NA;NA;NA;NA;NA;NA;NA;NA;NA;NA
"CEWE Stiftung & Co. KGaA";"Hungary";"Commercial & consumer services, Discretionary retail";"Retail, Services";"Consumer services, Specialist retail";"absolute";"Scope 2";0;2015;2020;134;89.1311633281973;50;NA;NA;NA;NA;NA;NA;NA;NA;NA;NA;NA;NA;NA;NA;NA
"CEWE Stiftung & Co. KGaA";"Poland";"Commercial & consumer services, Discretionary retail";"Retail, Services";"Consumer services, Specialist retail";"absolute";"Scope 2";0;2015;2020;530;352.533705701079;50;NA;NA;NA;NA;NA;NA;NA;NA;NA;NA;NA;NA;NA;NA;NA
"CEWE Stiftung & Co. KGaA";"Slovakia";"Commercial & consumer services, Discretionary retail";"Retail, Services";"Consumer services, Specialist retail";"absolute";"Scope 2";0;2015;2020;0;0;50;NA;NA;NA;NA;NA;NA;NA;NA;NA;NA;NA;NA;NA;NA;NA
"CEWE Stiftung & Co. KGaA";"United Kingdom";"Commercial & consumer services, Discretionary retail";"Retail, Services";"Consumer services, Specialist retail";"absolute";"Scope 2";0;2015;2020;593;394.438655624037;50;NA;NA;NA;NA;NA;NA;NA;NA;NA;NA;NA;NA;NA;NA;NA
"China Mobile";"China";"Discretionary retail, Media, telecommunications & data center services";"Retail, Services";"Specialist retail, Telecommunications services";"absolute";"Scope 2";0;2015;2020;15312904;15646914;5;NA;NA;NA;NA;NA;NA;NA;NA;NA;NA;NA;NA;NA;NA;NA
"Companhia Energetica Minas Gerais - CEMIG";"Brazil";"Energy utility networks, Renewable power generation, Thermal power generation";"Infrastructure, Power generation";"CCGT generation, Electricity networks, Gas utilities, Hydro generation, Non-CCGT generation";"absolute";"Scope 2";0;2011;2020;168189;664413;4;NA;NA;NA;NA;NA;NA;NA;NA;NA;NA;NA;NA;NA;NA;NA
"Core Laboratories N.V.";"Canada";"Industrial support services";"Services";"Energy services & equipment";"absolute";"Scope 2";0;2015;2020;481.172760511883;438;9;NA;NA;NA;NA;NA;NA;NA;NA;NA;NA;NA;NA;NA;NA;NA
"Core Laboratories N.V.";"Netherlands";"Industrial support services";"Services";"Energy services & equipment";"absolute";"Scope 2";0;2015;2020;376.808805606338;343;9;NA;NA;NA;NA;NA;NA;NA;NA;NA;NA;NA;NA;NA;NA;NA
"Core Laboratories N.V.";"United Kingdom of Great Britain and Northern Ireland";"Industrial support services";"Services";"Energy services & equipment";"absolute";"Scope 2";0;2015;2020;149.405240706886;136;9;NA;NA;NA;NA;NA;NA;NA;NA;NA;NA;NA;NA;NA;NA;NA
"Core Laboratories N.V.";"United States of America";"Industrial support services";"Services";"Energy services & equipment";"absolute";"Scope 2";0;2015;2020;5631.25929311396;5126;9;NA;NA;NA;NA;NA;NA;NA;NA;NA;NA;NA;NA;NA;NA;NA
"Danieli & C Officine Meccaniche S.p.A.";"China";"Metal smelting, refining & forming, Powered machinery";"Manufacturing, Materials";"Industrial machinery, Iron & steel";"absolute";"Scope 2";0;2013;2035;3638.4934107756;3440.0301338242;30;NA;NA;NA;NA;NA;NA;NA;NA;NA;NA;NA;NA;NA;NA;NA
"Danieli & C Officine Meccaniche S.p.A.";"Germany";"Metal smelting, refining & forming, Powered machinery";"Manufacturing, Materials";"Industrial machinery, Iron & steel";"absolute";"Scope 2";0;2013;2035;8186.61017424513;7740.06780110449;30;NA;NA;NA;NA;NA;NA;NA;NA;NA;NA;NA;NA;NA;NA;NA
"Danieli & C Officine Meccaniche S.p.A.";"India";"Metal smelting, refining & forming, Powered machinery";"Manufacturing, Materials";"Industrial machinery, Iron & steel";"absolute";"Scope 2";0;2013;2035;1375.15048738411;1300.14227898134;30;NA;NA;NA;NA;NA;NA;NA;NA;NA;NA;NA;NA;NA;NA;NA
"Danieli & C Officine Meccaniche S.p.A.";"Italy";"Metal smelting, refining & forming, Powered machinery";"Manufacturing, Materials";"Industrial machinery, Iron & steel";"absolute";"Scope 2";0;2013;2035;358623.7692255;339062.472722291;30;NA;NA;NA;NA;NA;NA;NA;NA;NA;NA;NA;NA;NA;NA;NA
"Digital Realty Trust Inc";"Canada";"Construction, Financial services";"Infrastructure, Services";"Non-residential building construction, REIT";"absolute";"Scope 2";0;2014;2030;952.418880777233;3779;100;NA;NA;NA;NA;NA;NA;NA;NA;NA;NA;NA;NA;NA;NA;NA
"Digital Realty Trust Inc";"China, Hong Kong Special Administrative Region";"Construction, Financial services";"Infrastructure, Services";"Non-residential building construction, REIT";"absolute";"Scope 2";0;2014;2030;4812.5002721464;19095.0000000001;100;NA;NA;NA;NA;NA;NA;NA;NA;NA;NA;NA;NA;NA;NA;NA
"Digital Realty Trust Inc";"France";"Construction, Financial services";"Infrastructure, Services";"Non-residential building construction, REIT";"absolute";"Scope 2";0;2014;2030;0;0;100;NA;NA;NA;NA;NA;NA;NA;NA;NA;NA;NA;NA;NA;NA;NA
"Digital Realty Trust Inc";"Germany";"Construction, Financial services";"Infrastructure, Services";"Non-residential building construction, REIT";"absolute";"Scope 2";0;2014;2030;1559.05350528922;6185.99999999999;100;NA;NA;NA;NA;NA;NA;NA;NA;NA;NA;NA;NA;NA;NA;NA
"Digital Realty Trust Inc";"Ireland";"Construction, Financial services";"Infrastructure, Services";"Non-residential building construction, REIT";"absolute";"Scope 2";0;2014;2030;0;0;100;NA;NA;NA;NA;NA;NA;NA;NA;NA;NA;NA;NA;NA;NA;NA
"Digital Realty Trust Inc";"Japan";"Construction, Financial services";"Infrastructure, Services";"Non-residential building construction, REIT";"absolute";"Scope 2";0;2014;2030;0.10081173652048;0.4;100;NA;NA;NA;NA;NA;NA;NA;NA;NA;NA;NA;NA;NA;NA;NA
"Digital Realty Trust Inc";"Netherlands";"Construction, Financial services";"Infrastructure, Services";"Non-residential building construction, REIT";"absolute";"Scope 2";0;2014;2030;4999.00198470929;19835;100;NA;NA;NA;NA;NA;NA;NA;NA;NA;NA;NA;NA;NA;NA;NA
"Digital Realty Trust Inc";"United Kingdom of Great Britain and Northern Ireland";"Construction, Financial services";"Infrastructure, Services";"Non-residential building construction, REIT";"absolute";"Scope 2";0;2014;2030;7929.59916535964;31463;100;NA;NA;NA;NA;NA;NA;NA;NA;NA;NA;NA;NA;NA;NA;NA
"Digital Realty Trust Inc";"United States of America";"Construction, Financial services";"Infrastructure, Services";"Non-residential building construction, REIT";"absolute";"Scope 2";0;2014;2030;241433.775763556;957959;100;NA;NA;NA;NA;NA;NA;NA;NA;NA;NA;NA;NA;NA;NA;NA
"eBay Inc.";"Belgium";"Discretionary retail, Entertainment services";"Hospitality, Retail";"Discretionary delivery retail, Entertainment services";"absolute";"Scope 2";0;2016;2025;18.2916258682635;20.0867704287425;100;NA;NA;NA;NA;NA;NA;NA;NA;NA;NA;NA;NA;NA;NA;NA
"eBay Inc.";"Canada";"Discretionary retail, Entertainment services";"Hospitality, Retail";"Discretionary delivery retail, Entertainment services";"absolute";"Scope 2";0;2016;2025;25.053857245509;27.5126488191617;100;NA;NA;NA;NA;NA;NA;NA;NA;NA;NA;NA;NA;NA;NA;NA
"eBay Inc.";"China";"Discretionary retail, Entertainment services";"Hospitality, Retail";"Discretionary delivery retail, Entertainment services";"absolute";"Scope 2";0;2016;2025;1519.4859908982;1668.60871136766;100;NA;NA;NA;NA;NA;NA;NA;NA;NA;NA;NA;NA;NA;NA;NA
"eBay Inc.";"Czech Republic";"Discretionary retail, Entertainment services";"Hospitality, Retail";"Discretionary delivery retail, Entertainment services";"absolute";"Scope 2";0;2016;2025;71.559948502994;78.5828590538922;100;NA;NA;NA;NA;NA;NA;NA;NA;NA;NA;NA;NA;NA;NA;NA
"eBay Inc.";"Denmark";"Discretionary retail, Entertainment services";"Hospitality, Retail";"Discretionary delivery retail, Entertainment services";"absolute";"Scope 2";0;2016;2025;244.826377005988;268.853696507785;100;NA;NA;NA;NA;NA;NA;NA;NA;NA;NA;NA;NA;NA;NA;NA
"eBay Inc.";"France";"Discretionary retail, Entertainment services";"Hospitality, Retail";"Discretionary delivery retail, Entertainment services";"absolute";"Scope 2";0;2016;2025;0.882030179640719;0.968592833532938;100;NA;NA;NA;NA;NA;NA;NA;NA;NA;NA;NA;NA;NA;NA;NA
"eBay Inc.";"Germany";"Discretionary retail, Entertainment services";"Hospitality, Retail";"Discretionary delivery retail, Entertainment services";"absolute";"Scope 2";0;2016;2025;2448.07476359281;2688.32940947066;100;NA;NA;NA;NA;NA;NA;NA;NA;NA;NA;NA;NA;NA;NA;NA
"eBay Inc.";"India";"Discretionary retail, Entertainment services";"Hospitality, Retail";"Discretionary delivery retail, Entertainment services";"absolute";"Scope 2";0;2016;2025;1825.85497365269;2005.0448197485;100;NA;NA;NA;NA;NA;NA;NA;NA;NA;NA;NA;NA;NA;NA;NA
"eBay Inc.";"Ireland";"Discretionary retail, Entertainment services";"Hospitality, Retail";"Discretionary delivery retail, Entertainment services";"absolute";"Scope 2";0;2016;2025;773.02594994012;848.890902522156;100;NA;NA;NA;NA;NA;NA;NA;NA;NA;NA;NA;NA;NA;NA;NA
"eBay Inc.";"Italy";"Discretionary retail, Entertainment services";"Hospitality, Retail";"Discretionary delivery retail, Entertainment services";"absolute";"Scope 2";0;2016;2025;53.7933405988024;59.0726319784431;100;NA;NA;NA;NA;NA;NA;NA;NA;NA;NA;NA;NA;NA;NA;NA
"eBay Inc.";"Luxembourg";"Discretionary retail, Entertainment services";"Hospitality, Retail";"Discretionary delivery retail, Entertainment services";"absolute";"Scope 2";0;2016;2025;452.796492934132;497.234049614371;100;NA;NA;NA;NA;NA;NA;NA;NA;NA;NA;NA;NA;NA;NA;NA
"eBay Inc.";"Netherlands";"Discretionary retail, Entertainment services";"Hospitality, Retail";"Discretionary delivery retail, Entertainment services";"absolute";"Scope 2";0;2016;2025;3984.40333077844;4375.43363161198;100;NA;NA;NA;NA;NA;NA;NA;NA;NA;NA;NA;NA;NA;NA;NA
"eBay Inc.";"South Africa";"Discretionary retail, Entertainment services";"Hospitality, Retail";"Discretionary delivery retail, Entertainment services";"absolute";"Scope 2";0;2016;2025;1.29154419161677;1.4182966491018;100;NA;NA;NA;NA;NA;NA;NA;NA;NA;NA;NA;NA;NA;NA;NA
"eBay Inc.";"Spain";"Discretionary retail, Entertainment services";"Hospitality, Retail";"Discretionary delivery retail, Entertainment services";"absolute";"Scope 2";0;2016;2025;39.3553465868263;43.2176897628743;100;NA;NA;NA;NA;NA;NA;NA;NA;NA;NA;NA;NA;NA;NA;NA
"eBay Inc.";"United Kingdom";"Discretionary retail, Entertainment services";"Hospitality, Retail";"Discretionary delivery retail, Entertainment services";"absolute";"Scope 2";0;2016;2025;750.565681437126;824.226377868264;100;NA;NA;NA;NA;NA;NA;NA;NA;NA;NA;NA;NA;NA;NA;NA
"eBay Inc.";"United States of America";"Discretionary retail, Entertainment services";"Hospitality, Retail";"Discretionary delivery retail, Entertainment services";"absolute";"Scope 2";0;2016;2025;54012.5986009581;59313.4080136455;100;NA;NA;NA;NA;NA;NA;NA;NA;NA;NA;NA;NA;NA;NA;NA
"Empalsa";"Mexico";"Paper products & packaging";"Manufacturing";"Paper products";"absolute";"Scope 2";0;2018;2019;0;0;77;NA;NA;NA;NA;NA;NA;NA;NA;NA;NA;NA;NA;NA;NA;NA
"Entegris Inc";"France";"Plastic product manufacturing";"Manufacturing";"Plastic products";"absolute";"Scope 2";0;2017;2020;164.6;164.6;0.4;NA;NA;NA;NA;NA;NA;NA;NA;NA;NA;NA;NA;NA;NA;NA
"Entegris Inc";"Germany";"Plastic product manufacturing";"Manufacturing";"Plastic products";"absolute";"Scope 2";0;2017;2020;33.2;33.2;0.4;NA;NA;NA;NA;NA;NA;NA;NA;NA;NA;NA;NA;NA;NA;NA
"Entegris Inc";"Japan";"Plastic product manufacturing";"Manufacturing";"Plastic products";"absolute";"Scope 2";0;2017;2020;5033.4;5033.4;0.4;NA;NA;NA;NA;NA;NA;NA;NA;NA;NA;NA;NA;NA;NA;NA
"Entegris Inc";"Taiwan (Province of China)";"Plastic product manufacturing";"Manufacturing";"Plastic products";"absolute";"Scope 2";0;2017;2020;6177;6177;0.4;NA;NA;NA;NA;NA;NA;NA;NA;NA;NA;NA;NA;NA;NA;NA
"Entegris Inc";"United States of America";"Plastic product manufacturing";"Manufacturing";"Plastic products";"absolute";"Scope 2";0;2017;2020;53570.6;53570.6;0.4;NA;NA;NA;NA;NA;NA;NA;NA;NA;NA;NA;NA;NA;NA;NA
"ERG S.p.A";"Bulgaria";"Renewable power generation, Thermal power generation";"Power generation";"CCGT generation, Hydro generation, Wind generation";"absolute";"Scope 2";0;2016;2030;282;119.240615561628;100;NA;NA;NA;NA;NA;NA;NA;NA;NA;NA;NA;NA;NA;NA;NA
"ERG S.p.A";"France";"Renewable power generation, Thermal power generation";"Power generation";"CCGT generation, Hydro generation, Wind generation";"absolute";"Scope 2";0;2016;2030;654;276.536746728031;100;NA;NA;NA;NA;NA;NA;NA;NA;NA;NA;NA;NA;NA;NA;NA
"ERG S.p.A";"Germany";"Renewable power generation, Thermal power generation";"Power generation";"CCGT generation, Hydro generation, Wind generation";"absolute";"Scope 2";0;2016;2030;1058;447.363727887244;100;NA;NA;NA;NA;NA;NA;NA;NA;NA;NA;NA;NA;NA;NA;NA
"ERG S.p.A";"Italy";"Renewable power generation, Thermal power generation";"Power generation";"CCGT generation, Hydro generation, Wind generation";"absolute";"Scope 2";0;2016;2030;4125;1744.21113188552;100;NA;NA;NA;NA;NA;NA;NA;NA;NA;NA;NA;NA;NA;NA;NA
"ERG S.p.A";"Poland";"Renewable power generation, Thermal power generation";"Power generation";"CCGT generation, Hydro generation, Wind generation";"absolute";"Scope 2";0;2016;2030;347;146.725154609521;100;NA;NA;NA;NA;NA;NA;NA;NA;NA;NA;NA;NA;NA;NA;NA
"ERG S.p.A";"Romania";"Renewable power generation, Thermal power generation";"Power generation";"CCGT generation, Hydro generation, Wind generation";"absolute";"Scope 2";0;2016;2030;486;205.499784265784;100;NA;NA;NA;NA;NA;NA;NA;NA;NA;NA;NA;NA;NA;NA;NA
"Freshfields Bruckhaus Deringer";"Austria";"Commercial & consumer services";"Services";"Commercial services";"absolute";"Scope 2";0;2015;2020;465.326919172709;147.95;10;NA;NA;NA;NA;NA;NA;NA;NA;NA;NA;NA;NA;NA;NA;NA
"Freshfields Bruckhaus Deringer";"Belgium";"Commercial & consumer services";"Services";"Commercial services";"absolute";"Scope 2";0;2015;2020;296.871969589131;94.3899999999998;10;NA;NA;NA;NA;NA;NA;NA;NA;NA;NA;NA;NA;NA;NA;NA
"Freshfields Bruckhaus Deringer";"China";"Commercial & consumer services";"Services";"Commercial services";"absolute";"Scope 2";0;2015;2020;676.084315953805;214.96;10;NA;NA;NA;NA;NA;NA;NA;NA;NA;NA;NA;NA;NA;NA;NA
"Freshfields Bruckhaus Deringer";"China, Hong Kong Special Administrative Region";"Commercial & consumer services";"Services";"Commercial services";"absolute";"Scope 2";0;2015;2020;1217.46128518124;387.09;10;NA;NA;NA;NA;NA;NA;NA;NA;NA;NA;NA;NA;NA;NA;NA
"Freshfields Bruckhaus Deringer";"France";"Commercial & consumer services";"Services";"Commercial services";"absolute";"Scope 2";0;2015;2020;887.565100307796;282.2;10;NA;NA;NA;NA;NA;NA;NA;NA;NA;NA;NA;NA;NA;NA;NA
"Freshfields Bruckhaus Deringer";"Germany";"Commercial & consumer services";"Services";"Commercial services";"absolute";"Scope 2";0;2015;2020;2227.4361434762;708.210000000001;10;NA;NA;NA;NA;NA;NA;NA;NA;NA;NA;NA;NA;NA;NA;NA
"Freshfields Bruckhaus Deringer";"Italy";"Commercial & consumer services";"Services";"Commercial services";"absolute";"Scope 2";0;2015;2020;773.521476859317;245.94;10;NA;NA;NA;NA;NA;NA;NA;NA;NA;NA;NA;NA;NA;NA;NA
"Freshfields Bruckhaus Deringer";"Japan";"Commercial & consumer services";"Services";"Commercial services";"absolute";"Scope 2";0;2015;2020;409.122849922176;130.08;10;NA;NA;NA;NA;NA;NA;NA;NA;NA;NA;NA;NA;NA;NA;NA
"Freshfields Bruckhaus Deringer";"Netherlands";"Commercial & consumer services";"Services";"Commercial services";"absolute";"Scope 2";0;2015;2020;2389.28625000292;759.670000000002;10;NA;NA;NA;NA;NA;NA;NA;NA;NA;NA;NA;NA;NA;NA;NA
"Freshfields Bruckhaus Deringer";"Spain";"Commercial & consumer services";"Services";"Commercial services";"absolute";"Scope 2";0;2015;2020;307.219557044881;97.68;10;NA;NA;NA;NA;NA;NA;NA;NA;NA;NA;NA;NA;NA;NA;NA
"Freshfields Bruckhaus Deringer";"United Kingdom of Great Britain and Northern Ireland";"Commercial & consumer services";"Services";"Commercial services";"absolute";"Scope 2";0;2015;2020;247.335646662669;78.6400000000002;10;NA;NA;NA;NA;NA;NA;NA;NA;NA;NA;NA;NA;NA;NA;NA
"Freshfields Bruckhaus Deringer";"United States of America";"Commercial & consumer services";"Services";"Commercial services";"absolute";"Scope 2";0;2015;2020;1792.93182523551;570.060000000001;10;NA;NA;NA;NA;NA;NA;NA;NA;NA;NA;NA;NA;NA;NA;NA
"Fuji Electric Co., Ltd.";"China";"Electrical & electronic equipment, Powered machinery";"Manufacturing";"Electrical equipment, Electronic equipment, Industrial machinery";"absolute";"Scope 2";0;2006;2020;69857.671550049;50838.0000000001;40;NA;NA;NA;NA;NA;NA;NA;NA;NA;NA;NA;NA;NA;NA;NA
"Fuji Electric Co., Ltd.";"France";"Electrical & electronic equipment, Powered machinery";"Manufacturing";"Electrical equipment, Electronic equipment, Industrial machinery";"absolute";"Scope 2";0;2006;2020;156.650036522003;114;40;NA;NA;NA;NA;NA;NA;NA;NA;NA;NA;NA;NA;NA;NA;NA
"Fuji Electric Co., Ltd.";"Japan";"Electrical & electronic equipment, Powered machinery";"Manufacturing";"Electrical equipment, Electronic equipment, Industrial machinery";"absolute";"Scope 2";0;2006;2020;129667.754792652;94364;40;NA;NA;NA;NA;NA;NA;NA;NA;NA;NA;NA;NA;NA;NA;NA
"Galp Energia SA";"Brazil";"Energy utility networks, Oil & gas extraction & production, Oil & gas processing";"Fossil Fuels, Infrastructure";"Electricity networks, Oil & gas extraction, Oil & gas refining";"absolute";"Scope 2";0;2017;2021;26.7417808669722;29.0000000000001;100;NA;NA;NA;NA;NA;NA;NA;NA;NA;NA;NA;NA;NA;NA;NA
"Galp Energia SA";"Portugal";"Energy utility networks, Oil & gas extraction & production, Oil & gas processing";"Fossil Fuels, Infrastructure";"Electricity networks, Oil & gas extraction, Oil & gas refining";"absolute";"Scope 2";0;2017;2021;209682.303777929;227389;100;NA;NA;NA;NA;NA;NA;NA;NA;NA;NA;NA;NA;NA;NA;NA
"Galp Energia SA";"Spain";"Energy utility networks, Oil & gas extraction & production, Oil & gas processing";"Fossil Fuels, Infrastructure";"Electricity networks, Oil & gas extraction, Oil & gas refining";"absolute";"Scope 2";0;2017;2021;97.7458197206569;106;100;NA;NA;NA;NA;NA;NA;NA;NA;NA;NA;NA;NA;NA;NA;NA
"Garan Manufacturing Corp";"United States of America";"Textiles & fabric goods";"Apparel";"Apparel & footwear, Clothing manufacture";"absolute";"Scope 2";0;2017;2020;474.672232033651;1470.54;12;NA;NA;NA;NA;NA;NA;NA;NA;NA;NA;NA;NA;NA;NA;NA
"General Mills Inc.";"Belgium";"Food & beverage processing";"Food, beverage & agriculture";"Baked goods & cereals, Dairy & egg products, Other food processing";"absolute";"Scope 2";0;2010;2025;29.5472115933864;25;28;NA;NA;NA;NA;NA;NA;NA;NA;NA;NA;NA;NA;NA;NA;NA
"General Mills Inc.";"Brazil";"Food & beverage processing";"Food, beverage & agriculture";"Baked goods & cereals, Dairy & egg products, Other food processing";"absolute";"Scope 2";0;2010;2025;7256.79516733571;6140;28;NA;NA;NA;NA;NA;NA;NA;NA;NA;NA;NA;NA;NA;NA;NA
"General Mills Inc.";"China";"Food & beverage processing";"Food, beverage & agriculture";"Baked goods & cereals, Dairy & egg products, Other food processing";"absolute";"Scope 2";0;2010;2025;57951.5370423407;49033;28;NA;NA;NA;NA;NA;NA;NA;NA;NA;NA;NA;NA;NA;NA;NA
"General Mills Inc.";"France";"Food & beverage processing";"Food, beverage & agriculture";"Baked goods & cereals, Dairy & egg products, Other food processing";"absolute";"Scope 2";0;2010;2025;7574.72316408053;6408.99999999999;28;NA;NA;NA;NA;NA;NA;NA;NA;NA;NA;NA;NA;NA;NA;NA
"General Mills Inc.";"Germany";"Food & beverage processing";"Food, beverage & agriculture";"Baked goods & cereals, Dairy & egg products, Other food processing";"absolute";"Scope 2";0;2010;2025;104.00618480872;88.0000000000003;28;NA;NA;NA;NA;NA;NA;NA;NA;NA;NA;NA;NA;NA;NA;NA
"General Mills Inc.";"Greece";"Food & beverage processing";"Food, beverage & agriculture";"Baked goods & cereals, Dairy & egg products, Other food processing";"absolute";"Scope 2";0;2010;2025;4954.47643997904;4192;28;NA;NA;NA;NA;NA;NA;NA;NA;NA;NA;NA;NA;NA;NA;NA
"General Mills Inc.";"India";"Food & beverage processing";"Food, beverage & agriculture";"Baked goods & cereals, Dairy & egg products, Other food processing";"absolute";"Scope 2";0;2010;2025;5974.44618418271;5055;28;NA;NA;NA;NA;NA;NA;NA;NA;NA;NA;NA;NA;NA;NA;NA
"General Mills Inc.";"Ireland";"Food & beverage processing";"Food, beverage & agriculture";"Baked goods & cereals, Dairy & egg products, Other food processing";"absolute";"Scope 2";0;2010;2025;24.8196577384446;21;28;NA;NA;NA;NA;NA;NA;NA;NA;NA;NA;NA;NA;NA;NA;NA
"General Mills Inc.";"Mexico";"Food & beverage processing";"Food, beverage & agriculture";"Baked goods & cereals, Dairy & egg products, Other food processing";"absolute";"Scope 2";0;2010;2025;5540.69311799182;4688;28;NA;NA;NA;NA;NA;NA;NA;NA;NA;NA;NA;NA;NA;NA;NA
"General Mills Inc.";"Spain";"Food & beverage processing";"Food, beverage & agriculture";"Baked goods & cereals, Dairy & egg products, Other food processing";"absolute";"Scope 2";0;2010;2025;7600.72471028271;6430.99999999998;28;NA;NA;NA;NA;NA;NA;NA;NA;NA;NA;NA;NA;NA;NA;NA
"General Mills Inc.";"Sweden";"Food & beverage processing";"Food, beverage & agriculture";"Baked goods & cereals, Dairy & egg products, Other food processing";"absolute";"Scope 2";0;2010;2025;1.18188846373546;1;28;NA;NA;NA;NA;NA;NA;NA;NA;NA;NA;NA;NA;NA;NA;NA
"General Mills Inc.";"Taiwan (Province of China)";"Food & beverage processing";"Food, beverage & agriculture";"Baked goods & cereals, Dairy & egg products, Other food processing";"absolute";"Scope 2";0;2010;2025;803.684155340111;679.999999999999;28;NA;NA;NA;NA;NA;NA;NA;NA;NA;NA;NA;NA;NA;NA;NA
"General Mills Inc.";"United Kingdom of Great Britain and Northern Ireland";"Food & beverage processing";"Food, beverage & agriculture";"Baked goods & cereals, Dairy & egg products, Other food processing";"absolute";"Scope 2";0;2010;2025;615.763889606171;521;28;NA;NA;NA;NA;NA;NA;NA;NA;NA;NA;NA;NA;NA;NA;NA
"General Mills Inc.";"United States of America";"Food & beverage processing";"Food, beverage & agriculture";"Baked goods & cereals, Dairy & egg products, Other food processing";"absolute";"Scope 2";0;2010;2025;633031.280061346;535610;28;NA;NA;NA;NA;NA;NA;NA;NA;NA;NA;NA;NA;NA;NA;NA
"Gold Fields Limited";"South Africa";"Metallic mineral mining";"Mineral extraction";"Precious metals & minerals mining";"absolute";"Scope 2";0;2015;2025;386283.951107343;458001.26257538;22;NA;NA;NA;NA;NA;NA;NA;NA;NA;NA;NA;NA;NA;NA;NA
"GRIFOLS";"Brazil";"Biotech & pharma";"Biotech, health care & pharma";"Biotechnology";"absolute";"Scope 2";0;2016;2019;26.29;24.1382235445849;0.5;2016;2021;26.29;24.1382235445849;3.66;NA;NA;NA;NA;NA;NA;NA;NA;NA;NA
"GRIFOLS";"China";"Biotech & pharma";"Biotech, health care & pharma";"Biotechnology";"absolute";"Scope 2";0;2016;2019;51;46.8257664805564;0.5;2016;2021;51;46.8257664805564;3.66;NA;NA;NA;NA;NA;NA;NA;NA;NA;NA
"GRIFOLS";"Czech Republic";"Biotech & pharma";"Biotech, health care & pharma";"Biotechnology";"absolute";"Scope 2";0;2016;2019;60.76;55.7869327717373;0.5;2016;2021;60.76;55.7869327717373;3.66;NA;NA;NA;NA;NA;NA;NA;NA;NA;NA
"GRIFOLS";"France";"Biotech & pharma";"Biotech, health care & pharma";"Biotechnology";"absolute";"Scope 2";0;2016;2019;1.68;1.54249583700657;0.5;2016;2021;1.68;1.54249583700657;3.66;NA;NA;NA;NA;NA;NA;NA;NA;NA;NA
"GRIFOLS";"Germany";"Biotech & pharma";"Biotech, health care & pharma";"Biotechnology";"absolute";"Scope 2";0;2016;2019;128.63;118.101928282235;0.5;2016;2021;128.63;118.101928282235;3.66;NA;NA;NA;NA;NA;NA;NA;NA;NA;NA
"GRIFOLS";"Ireland";"Biotech & pharma";"Biotech, health care & pharma";"Biotechnology";"absolute";"Scope 2";0;2016;2019;1224.08;1123.89184771607;0.5;2016;2021;1224.08;1123.89184771607;3.66;NA;NA;NA;NA;NA;NA;NA;NA;NA;NA
"GRIFOLS";"Italy";"Biotech & pharma";"Biotech, health care & pharma";"Biotechnology";"absolute";"Scope 2";0;2016;2019;155.11;142.414600760767;0.5;2016;2021;155.11;142.414600760767;3.66;NA;NA;NA;NA;NA;NA;NA;NA;NA;NA
"GRIFOLS";"Mexico";"Biotech & pharma";"Biotech, health care & pharma";"Biotechnology";"absolute";"Scope 2";0;2016;2019;136.63;125.447146553694;0.5;2016;2021;136.63;125.447146553694;3.66;NA;NA;NA;NA;NA;NA;NA;NA;NA;NA
"GRIFOLS";"Poland";"Biotech & pharma";"Biotech, health care & pharma";"Biotechnology";"absolute";"Scope 2";0;2016;2019;6.85;6.28934314493748;0.5;2016;2021;6.85;6.28934314493748;3.66;NA;NA;NA;NA;NA;NA;NA;NA;NA;NA
"GRIFOLS";"Portugal";"Biotech & pharma";"Biotech, health care & pharma";"Biotechnology";"absolute";"Scope 2";0;2016;2019;32.34;29.6930448623764;0.5;2016;2021;32.34;29.6930448623764;3.66;NA;NA;NA;NA;NA;NA;NA;NA;NA;NA
"GRIFOLS";"Spain";"Biotech & pharma";"Biotech, health care & pharma";"Biotechnology";"absolute";"Scope 2";0;2016;2019;12507;11483.3306151435;0.5;2016;2021;12507;11483.3306151435;3.66;NA;NA;NA;NA;NA;NA;NA;NA;NA;NA
"GRIFOLS";"United Kingdom";"Biotech & pharma";"Biotech, health care & pharma";"Biotechnology";"absolute";"Scope 2";0;2016;2019;31.73;29.1329719691775;0.5;2016;2021;31.73;29.1329719691775;3.66;NA;NA;NA;NA;NA;NA;NA;NA;NA;NA
"GRIFOLS";"United States of America";"Biotech & pharma";"Biotech, health care & pharma";"Biotechnology";"absolute";"Scope 2";0;2016;2019;107274;98493.8681065727;0.5;2016;2021;107274;98493.8681065727;3.66;NA;NA;NA;NA;NA;NA;NA;NA;NA;NA
"Hannover Rück SE";"Germany";"Financial services";"Services";"Asset managers, Insurance";"absolute";"Scope 2";0;2007;2020;4031;245;100;NA;NA;NA;NA;NA;NA;NA;NA;NA;NA;NA;NA;NA;NA;NA
"Harmony Gold Mining Co Ltd";"South Africa";"Metallic mineral mining";"Mineral extraction";"Precious metals & minerals mining";"absolute";"Scope 2";0;2015;2025;2686401;2512565;22;NA;NA;NA;NA;NA;NA;NA;NA;NA;NA;NA;NA;NA;NA;NA
"Hera";"Italy";"Construction, Energy utility networks, Non-energy utilities, Specialized professional services, Thermal power generation";"Infrastructure, Power generation, Services";"CCGT generation, Gas utilities, Other professional services, Utility line construction, Water supply networks";"absolute";"Scope 2";0;2013;2020;196944;245542;5;2016;2021;268909;193746;75;NA;NA;NA;NA;NA;NA;NA;NA;NA;NA
"Huntington Bancshares Incorporated";"United States of America";"Financial services";"Services";"Asset managers, Banks";"absolute";"Scope 2";0;2017;2022;77722;77722;10;NA;NA;NA;NA;NA;NA;NA;NA;NA;NA;NA;NA;NA;NA;NA
"Hyprop Investments Ltd";"South Africa";"Financial services";"Services";"REIT";"absolute";"Scope 2";0;2013;2019;96.5790021511345;27836;31;NA;NA;NA;NA;NA;NA;NA;NA;NA;NA;NA;NA;NA;NA;NA
"Iberdrola SA";"Brazil";"Energy utility networks, Renewable power generation, Thermal power generation";"Infrastructure, Power generation";"CCGT generation, Gas utilities, Other renewable generation";"absolute";"Scope 2";0;2017;2023;535496;535496.000000001;7.75;NA;NA;NA;NA;NA;NA;NA;NA;NA;NA;NA;NA;NA;NA;NA
"Iberdrola SA";"Mexico";"Energy utility networks, Renewable power generation, Thermal power generation";"Infrastructure, Power generation";"CCGT generation, Gas utilities, Other renewable generation";"absolute";"Scope 2";0;2017;2023;2275;2275;7.75;NA;NA;NA;NA;NA;NA;NA;NA;NA;NA;NA;NA;NA;NA;NA
"Iberdrola SA";"Spain";"Energy utility networks, Renewable power generation, Thermal power generation";"Infrastructure, Power generation";"CCGT generation, Gas utilities, Other renewable generation";"absolute";"Scope 2";0;2017;2023;1505420;1505420;7.75;NA;NA;NA;NA;NA;NA;NA;NA;NA;NA;NA;NA;NA;NA;NA
"Iberdrola SA";"United Kingdom of Great Britain and Northern Ireland";"Energy utility networks, Renewable power generation, Thermal power generation";"Infrastructure, Power generation";"CCGT generation, Gas utilities, Other renewable generation";"absolute";"Scope 2";0;2017;2023;667349;667348.999999999;7.75;NA;NA;NA;NA;NA;NA;NA;NA;NA;NA;NA;NA;NA;NA;NA
"Iberdrola SA";"United States of America";"Energy utility networks, Renewable power generation, Thermal power generation";"Infrastructure, Power generation";"CCGT generation, Gas utilities, Other renewable generation";"absolute";"Scope 2";0;2017;2023;704657;704657;7.75;NA;NA;NA;NA;NA;NA;NA;NA;NA;NA;NA;NA;NA;NA;NA
"IMA SpA";"China";"Powered machinery";"Manufacturing";"Industrial machinery";"absolute";"Scope 2";0;2013;2020;478.062722147426;2279.54;0;NA;NA;NA;NA;NA;NA;NA;NA;NA;NA;NA;NA;NA;NA;NA
"IMA SpA";"France";"Powered machinery";"Manufacturing";"Industrial machinery";"absolute";"Scope 2";0;2013;2020;5.00389400950964;23.86;0;NA;NA;NA;NA;NA;NA;NA;NA;NA;NA;NA;NA;NA;NA;NA
"IMA SpA";"Germany";"Powered machinery";"Manufacturing";"Industrial machinery";"absolute";"Scope 2";0;2013;2020;83.7260941079854;399.23;0;NA;NA;NA;NA;NA;NA;NA;NA;NA;NA;NA;NA;NA;NA;NA
"IMA SpA";"India";"Powered machinery";"Manufacturing";"Industrial machinery";"absolute";"Scope 2";0;2013;2020;0;0;0;NA;NA;NA;NA;NA;NA;NA;NA;NA;NA;NA;NA;NA;NA;NA
"IMA SpA";"Italy";"Powered machinery";"Manufacturing";"Industrial machinery";"absolute";"Scope 2";0;2013;2020;1425.34641575322;6796.46;0;NA;NA;NA;NA;NA;NA;NA;NA;NA;NA;NA;NA;NA;NA;NA
"IMA SpA";"Netherlands";"Powered machinery";"Manufacturing";"Industrial machinery";"absolute";"Scope 2";0;2013;2020;11.7044142779016;55.81;0;NA;NA;NA;NA;NA;NA;NA;NA;NA;NA;NA;NA;NA;NA;NA
"IMA SpA";"Spain";"Powered machinery";"Manufacturing";"Industrial machinery";"absolute";"Scope 2";0;2013;2020;11.7023170884592;55.7999999999999;0;NA;NA;NA;NA;NA;NA;NA;NA;NA;NA;NA;NA;NA;NA;NA
"IMA SpA";"United Kingdom of Great Britain and Northern Ireland";"Powered machinery";"Manufacturing";"Industrial machinery";"absolute";"Scope 2";0;2013;2020;0;0;0;NA;NA;NA;NA;NA;NA;NA;NA;NA;NA;NA;NA;NA;NA;NA
"IMA SpA";"United States of America";"Powered machinery";"Manufacturing";"Industrial machinery";"absolute";"Scope 2";0;2013;2020;221.695993143031;1057.11;0;NA;NA;NA;NA;NA;NA;NA;NA;NA;NA;NA;NA;NA;NA;NA
"Impala Platinum Holdings";"South Africa";"Metal smelting, refining & forming, Metallic mineral mining";"Materials, Mineral extraction";"Other non-ferrous metals, Other non-ferrous ore mining, Precious metals, Precious metals & minerals mining";"absolute";"Scope 2";0;2008;2020;2521060.84733326;3081308.94033629;5;2015;2030;2605841;2864237.12986745;35;2015;2040;2605841;2864237.12986745;63;NA;NA;NA;NA;NA
"Infraserv GmbH & Co. Höchst KG";"Germany";"Commercial & consumer services, Other services";"Services";"Commercial services, Real estate services";"absolute";"Scope 2";0;2018;2021;155000;83184;100;NA;NA;NA;NA;NA;NA;NA;NA;NA;NA;NA;NA;NA;NA;NA
"Ingenico";"Belgium";"Electrical & electronic equipment";"Manufacturing";"Electronic equipment";"absolute";"Scope 2";0;2015;2020;3.78154840435016;139;50;NA;NA;NA;NA;NA;NA;NA;NA;NA;NA;NA;NA;NA;NA;NA
"Ingenico";"Brazil";"Electrical & electronic equipment";"Manufacturing";"Electronic equipment";"absolute";"Scope 2";0;2015;2020;0.870572294526654;32;50;NA;NA;NA;NA;NA;NA;NA;NA;NA;NA;NA;NA;NA;NA;NA
"Ingenico";"Canada";"Electrical & electronic equipment";"Manufacturing";"Electronic equipment";"absolute";"Scope 2";0;2015;2020;5.90356837225886;217;50;NA;NA;NA;NA;NA;NA;NA;NA;NA;NA;NA;NA;NA;NA;NA
"Ingenico";"China";"Electrical & electronic equipment";"Manufacturing";"Electronic equipment";"absolute";"Scope 2";0;2015;2020;66.653191299697;2450;50;NA;NA;NA;NA;NA;NA;NA;NA;NA;NA;NA;NA;NA;NA;NA
"Ingenico";"France";"Electrical & electronic equipment";"Manufacturing";"Electronic equipment";"absolute";"Scope 2";0;2015;2020;6.42047067213408;236;50;NA;NA;NA;NA;NA;NA;NA;NA;NA;NA;NA;NA;NA;NA;NA
"Ingenico";"Germany";"Electrical & electronic equipment";"Manufacturing";"Electronic equipment";"absolute";"Scope 2";0;2015;2020;12.3512444285969;453.999999999999;50;NA;NA;NA;NA;NA;NA;NA;NA;NA;NA;NA;NA;NA;NA;NA
"Ingenico";"India";"Electrical & electronic equipment";"Manufacturing";"Electronic equipment";"absolute";"Scope 2";0;2015;2020;33.7074710287038;1239;50;NA;NA;NA;NA;NA;NA;NA;NA;NA;NA;NA;NA;NA;NA;NA
"Ingenico";"Indonesia";"Electrical & electronic equipment";"Manufacturing";"Electronic equipment";"absolute";"Scope 2";0;2015;2020;4.8425583883045;178;50;NA;NA;NA;NA;NA;NA;NA;NA;NA;NA;NA;NA;NA;NA;NA
"Ingenico";"Italy";"Electrical & electronic equipment";"Manufacturing";"Electronic equipment";"absolute";"Scope 2";0;2015;2020;8.0799991085755;297;50;NA;NA;NA;NA;NA;NA;NA;NA;NA;NA;NA;NA;NA;NA;NA
"Ingenico";"Japan";"Electrical & electronic equipment";"Manufacturing";"Electronic equipment";"absolute";"Scope 2";0;2015;2020;0.65292922089499;24;50;NA;NA;NA;NA;NA;NA;NA;NA;NA;NA;NA;NA;NA;NA;NA
"Ingenico";"Latvia";"Electrical & electronic equipment";"Manufacturing";"Electronic equipment";"absolute";"Scope 2";0;2015;2020;0.979393831342486;36;50;NA;NA;NA;NA;NA;NA;NA;NA;NA;NA;NA;NA;NA;NA;NA
"Ingenico";"Mexico";"Electrical & electronic equipment";"Manufacturing";"Electronic equipment";"absolute";"Scope 2";0;2015;2020;3.26464610447496;120;50;NA;NA;NA;NA;NA;NA;NA;NA;NA;NA;NA;NA;NA;NA;NA
"Ingenico";"Netherlands";"Electrical & electronic equipment";"Manufacturing";"Electronic equipment";"absolute";"Scope 2";0;2015;2020;16.7041059012302;614;50;NA;NA;NA;NA;NA;NA;NA;NA;NA;NA;NA;NA;NA;NA;NA
"Ingenico";"Spain";"Electrical & electronic equipment";"Manufacturing";"Electronic equipment";"absolute";"Scope 2";0;2015;2020;1.74114458905331;64;50;NA;NA;NA;NA;NA;NA;NA;NA;NA;NA;NA;NA;NA;NA;NA
"Ingenico";"Sweden";"Electrical & electronic equipment";"Manufacturing";"Electronic equipment";"absolute";"Scope 2";0;2015;2020;0.108821536815832;4;50;NA;NA;NA;NA;NA;NA;NA;NA;NA;NA;NA;NA;NA;NA;NA
"Ingenico";"United Kingdom of Great Britain and Northern Ireland";"Electrical & electronic equipment";"Manufacturing";"Electronic equipment";"absolute";"Scope 2";0;2015;2020;31.9663264396506;1175;50;NA;NA;NA;NA;NA;NA;NA;NA;NA;NA;NA;NA;NA;NA;NA
"Ingenico";"United States of America";"Electrical & electronic equipment";"Manufacturing";"Electronic equipment";"absolute";"Scope 2";0;2015;2020;17.7923212693885;654;50;NA;NA;NA;NA;NA;NA;NA;NA;NA;NA;NA;NA;NA;NA;NA
"INNOVIA FILMS LTD";"United Kingdom of Great Britain and Northern Ireland";"Plastic product manufacturing";"Manufacturing";"Plastic products";"absolute";"Scope 2";0;2008;2020;40000;37215;11.5;NA;NA;NA;NA;NA;NA;NA;NA;NA;NA;NA;NA;NA;NA;NA
"Inventec Co Ltd";"China";"Electrical & electronic equipment";"Manufacturing";"Electronic components";"absolute";"Scope 2";0;2015;2025;116942.87917674;111658.284954953;6.1;NA;NA;NA;NA;NA;NA;NA;NA;NA;NA;NA;NA;NA;NA;NA
"Inventec Co Ltd";"Czech Republic";"Electrical & electronic equipment";"Manufacturing";"Electronic components";"absolute";"Scope 2";0;2015;2025;1064.30753170199;1016.21197024641;6.1;NA;NA;NA;NA;NA;NA;NA;NA;NA;NA;NA;NA;NA;NA;NA
"Inventec Co Ltd";"Mexico";"Electrical & electronic equipment";"Manufacturing";"Electronic components";"absolute";"Scope 2";0;2015;2025;1557.35435346986;1486.97823586817;6.1;NA;NA;NA;NA;NA;NA;NA;NA;NA;NA;NA;NA;NA;NA;NA
"Itaú Unibanco Holding S.A.";"Brazil";"Financial services, Specialized professional services";"Services";"Banks, Other financial";"absolute";"Scope 2";0;2013;2020;60174.06526104;53737;11;NA;NA;NA;NA;NA;NA;NA;NA;NA;NA;NA;NA;NA;NA;NA
"Itausa Investimentos Itau S.A.";"Brazil";"Financial services";"Services";"Asset managers";"absolute";"Scope 2";0;2013;2020;67771.7003553114;125432.82;11;NA;NA;NA;NA;NA;NA;NA;NA;NA;NA;NA;NA;NA;NA;NA
"JCDecaux SA.";"Austria";"Web & marketing services";"Services";"Marketing";"absolute";"Scope 2";0;2012;2020;1635.08815716058;2089;15;NA;NA;NA;NA;NA;NA;NA;NA;NA;NA;NA;NA;NA;NA;NA
"JCDecaux SA.";"Belgium";"Web & marketing services";"Services";"Marketing";"absolute";"Scope 2";0;2012;2020;3875.99643573921;4952;15;NA;NA;NA;NA;NA;NA;NA;NA;NA;NA;NA;NA;NA;NA;NA
"JCDecaux SA.";"Brazil";"Web & marketing services";"Services";"Marketing";"absolute";"Scope 2";0;2012;2020;2019.40040472681;2580.00000000001;15;NA;NA;NA;NA;NA;NA;NA;NA;NA;NA;NA;NA;NA;NA;NA
"JCDecaux SA.";"China";"Web & marketing services";"Services";"Marketing";"absolute";"Scope 2";0;2012;2020;33568.2268052398;42887;15;NA;NA;NA;NA;NA;NA;NA;NA;NA;NA;NA;NA;NA;NA;NA
"JCDecaux SA.";"China, Hong Kong Special Administrative Region";"Web & marketing services";"Services";"Marketing";"absolute";"Scope 2";0;2012;2020;22093.6493117146;28226.9999999999;15;NA;NA;NA;NA;NA;NA;NA;NA;NA;NA;NA;NA;NA;NA;NA
"JCDecaux SA.";"Croatia";"Web & marketing services";"Services";"Marketing";"absolute";"Scope 2";0;2012;2020;461.018154412438;588.999999999999;15;NA;NA;NA;NA;NA;NA;NA;NA;NA;NA;NA;NA;NA;NA;NA
"JCDecaux SA.";"Denmark";"Web & marketing services";"Services";"Marketing";"absolute";"Scope 2";0;2012;2020;1214.77109617675;1552;15;NA;NA;NA;NA;NA;NA;NA;NA;NA;NA;NA;NA;NA;NA;NA
"JCDecaux SA.";"Estonia";"Web & marketing services";"Services";"Marketing";"absolute";"Scope 2";0;2012;2020;796.01946186324;1017;15;NA;NA;NA;NA;NA;NA;NA;NA;NA;NA;NA;NA;NA;NA;NA
"JCDecaux SA.";"Finland";"Web & marketing services";"Services";"Marketing";"absolute";"Scope 2";0;2012;2020;987.001515643607;1261;15;NA;NA;NA;NA;NA;NA;NA;NA;NA;NA;NA;NA;NA;NA;NA
"JCDecaux SA.";"France";"Web & marketing services";"Services";"Marketing";"absolute";"Scope 2";0;2012;2020;6255.44497464211;7992;15;NA;NA;NA;NA;NA;NA;NA;NA;NA;NA;NA;NA;NA;NA;NA
"JCDecaux SA.";"Germany";"Web & marketing services";"Services";"Marketing";"absolute";"Scope 2";0;2012;2020;13576.9455117795;17346;15;NA;NA;NA;NA;NA;NA;NA;NA;NA;NA;NA;NA;NA;NA;NA
"JCDecaux SA.";"Hungary";"Web & marketing services";"Services";"Marketing";"absolute";"Scope 2";0;2012;2020;951.77941556116;1216;15;NA;NA;NA;NA;NA;NA;NA;NA;NA;NA;NA;NA;NA;NA;NA
"JCDecaux SA.";"India";"Web & marketing services";"Services";"Marketing";"absolute";"Scope 2";0;2012;2020;4061.49949617341;5189;15;NA;NA;NA;NA;NA;NA;NA;NA;NA;NA;NA;NA;NA;NA;NA
"JCDecaux SA.";"Ireland";"Web & marketing services";"Services";"Marketing";"absolute";"Scope 2";0;2012;2020;1723.53476403428;2202;15;NA;NA;NA;NA;NA;NA;NA;NA;NA;NA;NA;NA;NA;NA;NA
"JCDecaux SA.";"Italy";"Web & marketing services";"Services";"Marketing";"absolute";"Scope 2";0;2012;2020;2770.80520648562;3540;15;NA;NA;NA;NA;NA;NA;NA;NA;NA;NA;NA;NA;NA;NA;NA
"JCDecaux SA.";"Japan";"Web & marketing services";"Services";"Marketing";"absolute";"Scope 2";0;2012;2020;1514.55030354511;1935;15;NA;NA;NA;NA;NA;NA;NA;NA;NA;NA;NA;NA;NA;NA;NA
"JCDecaux SA.";"Latvia";"Web & marketing services";"Services";"Marketing";"absolute";"Scope 2";0;2012;2020;138.540260324281;177;15;NA;NA;NA;NA;NA;NA;NA;NA;NA;NA;NA;NA;NA;NA;NA
"JCDecaux SA.";"Lithuania";"Web & marketing services";"Services";"Marketing";"absolute";"Scope 2";0;2012;2020;167.500653725402;214;15;NA;NA;NA;NA;NA;NA;NA;NA;NA;NA;NA;NA;NA;NA;NA
"JCDecaux SA.";"Mexico";"Web & marketing services";"Services";"Marketing";"absolute";"Scope 2";0;2012;2020;1398.70872994063;1787;15;NA;NA;NA;NA;NA;NA;NA;NA;NA;NA;NA;NA;NA;NA;NA
"JCDecaux SA.";"Netherlands";"Web & marketing services";"Services";"Marketing";"absolute";"Scope 2";0;2012;2020;3859.55945570073;4931;15;NA;NA;NA;NA;NA;NA;NA;NA;NA;NA;NA;NA;NA;NA;NA
"JCDecaux SA.";"Poland";"Web & marketing services";"Services";"Marketing";"absolute";"Scope 2";0;2012;2020;1289.12886301746;1647;15;NA;NA;NA;NA;NA;NA;NA;NA;NA;NA;NA;NA;NA;NA;NA
"JCDecaux SA.";"Portugal";"Web & marketing services";"Services";"Marketing";"absolute";"Scope 2";0;2012;2020;4353.45157019012;5562;15;NA;NA;NA;NA;NA;NA;NA;NA;NA;NA;NA;NA;NA;NA;NA
"JCDecaux SA.";"Slovakia";"Web & marketing services";"Services";"Marketing";"absolute";"Scope 2";0;2012;2020;262.208967280419;335;15;NA;NA;NA;NA;NA;NA;NA;NA;NA;NA;NA;NA;NA;NA;NA
"JCDecaux SA.";"Slovenia";"Web & marketing services";"Services";"Marketing";"absolute";"Scope 2";0;2012;2020;354.56914082994;452.999999999999;15;NA;NA;NA;NA;NA;NA;NA;NA;NA;NA;NA;NA;NA;NA;NA
"JCDecaux SA.";"South Africa";"Web & marketing services";"Services";"Marketing";"absolute";"Scope 2";0;2012;2020;5112.68350530059;6532.00000000001;15;NA;NA;NA;NA;NA;NA;NA;NA;NA;NA;NA;NA;NA;NA;NA
"JCDecaux SA.";"Spain";"Web & marketing services";"Services";"Marketing";"absolute";"Scope 2";0;2012;2020;9816.7906496448;12542;15;NA;NA;NA;NA;NA;NA;NA;NA;NA;NA;NA;NA;NA;NA;NA
"JCDecaux SA.";"Sweden";"Web & marketing services";"Services";"Marketing";"absolute";"Scope 2";0;2012;2020;57.9207868022418;73.9999999999999;15;NA;NA;NA;NA;NA;NA;NA;NA;NA;NA;NA;NA;NA;NA;NA
"JCDecaux SA.";"United Kingdom of Great Britain and Northern Ireland";"Web & marketing services";"Services";"Marketing";"absolute";"Scope 2";0;2012;2020;19707.1563527952;25177.9999999999;15;NA;NA;NA;NA;NA;NA;NA;NA;NA;NA;NA;NA;NA;NA;NA
"JCDecaux SA.";"United States of America";"Web & marketing services";"Services";"Marketing";"absolute";"Scope 2";0;2012;2020;13324.1291045211;17023;15;NA;NA;NA;NA;NA;NA;NA;NA;NA;NA;NA;NA;NA;NA;NA
"JINDING GROUP CO., LTD.";"China";"Electrical & electronic equipment";"Manufacturing";"Electrical equipment";"absolute";"Scope 2";0;2017;2019;1;1;3;NA;NA;NA;NA;NA;NA;NA;NA;NA;NA;NA;NA;NA;NA;NA
"Kesko Corporation";"Estonia";"Convenience retail, Discretionary retail";"Retail";"Apparel stores, Specialist retail, Supermarkets, food & drugstores";"absolute";"Scope 2";0;2015;2025;5572.66211281105;6512;17;NA;NA;NA;NA;NA;NA;NA;NA;NA;NA;NA;NA;NA;NA;NA
"Kesko Corporation";"Finland";"Convenience retail, Discretionary retail";"Retail";"Apparel stores, Specialist retail, Supermarkets, food & drugstores";"absolute";"Scope 2";0;2015;2025;47069.8259909489;55004;17;NA;NA;NA;NA;NA;NA;NA;NA;NA;NA;NA;NA;NA;NA;NA
"Kesko Corporation";"Latvia";"Convenience retail, Discretionary retail";"Retail";"Apparel stores, Specialist retail, Supermarkets, food & drugstores";"absolute";"Scope 2";0;2015;2025;600.738452578835;702;17;NA;NA;NA;NA;NA;NA;NA;NA;NA;NA;NA;NA;NA;NA;NA
"Kesko Corporation";"Lithuania";"Convenience retail, Discretionary retail";"Retail";"Apparel stores, Specialist retail, Supermarkets, food & drugstores";"absolute";"Scope 2";0;2015;2025;4849.55101248468;5667;17;NA;NA;NA;NA;NA;NA;NA;NA;NA;NA;NA;NA;NA;NA;NA
"Kesko Corporation";"Poland";"Convenience retail, Discretionary retail";"Retail";"Apparel stores, Specialist retail, Supermarkets, food & drugstores";"absolute";"Scope 2";0;2015;2025;3325.45530871986;3886;17;NA;NA;NA;NA;NA;NA;NA;NA;NA;NA;NA;NA;NA;NA;NA
"Kesko Corporation";"Sweden";"Convenience retail, Discretionary retail";"Retail";"Apparel stores, Specialist retail, Supermarkets, food & drugstores";"absolute";"Scope 2";0;2015;2025;208.803678674124;244;17;NA;NA;NA;NA;NA;NA;NA;NA;NA;NA;NA;NA;NA;NA;NA
"Kroger";"United States of America";"Convenience retail";"Retail";"Supermarkets, food & drugstores";"absolute";"Scope 2";0;2000;2020;2664030.89438205;4035724;40;NA;NA;NA;NA;NA;NA;NA;NA;NA;NA;NA;NA;NA;NA;NA
"Linklaters LLP";"United Kingdom";"Specialized professional services";"Services";"Other professional services";"absolute";"Scope 2";0;2007;2020;19908.3428217182;7545.30640078525;20;NA;NA;NA;NA;NA;NA;NA;NA;NA;NA;NA;NA;NA;NA;NA
"Macerich Co.";"United States of America";"Financial services";"Services";"REIT";"absolute";"Scope 2";0;2013;2020;92269;24110;32.87;NA;NA;NA;NA;NA;NA;NA;NA;NA;NA;NA;NA;NA;NA;NA
"Magyar Telekom Nyrt.";"Hungary";"Media, telecommunications & data center services";"Services";"Telecommunications services";"absolute";"Scope 2";0;2015;2020;31154.4148333398;26747.4669219647;10;NA;NA;NA;NA;NA;NA;NA;NA;NA;NA;NA;NA;NA;NA;NA
"Mahindra & Mahindra";"India";"Commercial & consumer services, Construction, Financial services, Metal products manufacturing, Metal smelting, refining & forming, Powered machinery, Specialized professional services, Transportation equipment";"Infrastructure, Manufacturing, Materials, Services";"Agriculture, construction & mining machinery, Automobiles, Banks, Fabricated metal components, Iron & steel, Non-residential building construction, Other professional services, Travel services";"absolute";"Scope 2";0;2016;2019;204272;229217;9;NA;NA;NA;NA;NA;NA;NA;NA;NA;NA;NA;NA;NA;NA;NA
"MAPFRE";"Brazil";"Financial services";"Services";"Insurance";"absolute";"Scope 2";0;2013;2020;283.976589891371;255.960000000001;100;NA;NA;NA;NA;NA;NA;NA;NA;NA;NA;NA;NA;NA;NA;NA
"MAPFRE";"Germany";"Financial services";"Services";"Insurance";"absolute";"Scope 2";0;2013;2020;357.078705487333;321.85;100;NA;NA;NA;NA;NA;NA;NA;NA;NA;NA;NA;NA;NA;NA;NA
"MAPFRE";"Italy";"Financial services";"Services";"Insurance";"absolute";"Scope 2";0;2013;2020;279.150452346335;251.61;100;NA;NA;NA;NA;NA;NA;NA;NA;NA;NA;NA;NA;NA;NA;NA
"MAPFRE";"Malta";"Financial services";"Services";"Insurance";"absolute";"Scope 2";0;2013;2020;250.548653286327;225.829999999999;100;NA;NA;NA;NA;NA;NA;NA;NA;NA;NA;NA;NA;NA;NA;NA
"MAPFRE";"Mexico";"Financial services";"Services";"Insurance";"absolute";"Scope 2";0;2013;2020;1737.72016414696;1566.28000000001;100;NA;NA;NA;NA;NA;NA;NA;NA;NA;NA;NA;NA;NA;NA;NA
"MAPFRE";"Portugal";"Financial services";"Services";"Insurance";"absolute";"Scope 2";0;2013;2020;281.757676077561;253.96;100;NA;NA;NA;NA;NA;NA;NA;NA;NA;NA;NA;NA;NA;NA;NA
"MAPFRE";"Puerto Rico";"Financial services";"Services";"Insurance";"absolute";"Scope 2";0;2013;2020;545.952649318818;492.09;100;NA;NA;NA;NA;NA;NA;NA;NA;NA;NA;NA;NA;NA;NA;NA
"MAPFRE";"Spain";"Financial services";"Services";"Insurance";"absolute";"Scope 2";0;2013;2020;0;0;100;NA;NA;NA;NA;NA;NA;NA;NA;NA;NA;NA;NA;NA;NA;NA
"MAPFRE";"United States of America";"Financial services";"Services";"Insurance";"absolute";"Scope 2";0;2013;2020;8380.84856932847;7554.01;100;NA;NA;NA;NA;NA;NA;NA;NA;NA;NA;NA;NA;NA;NA;NA
"Metro AG";"Germany";"Convenience retail, Trading, wholesale, distribution, rental & leasing";"Retail, Services";"Food & beverage wholesale, Hypermarkets & superstores, Supermarkets, food & drugstores";"absolute";"Scope 2";0;2011;2030;433508.18613997;333443;43;NA;NA;NA;NA;NA;NA;NA;NA;NA;NA;NA;NA;NA;NA;NA
"Metso";"Brazil";"Powered machinery";"Manufacturing";"Agriculture, construction & mining machinery, Industrial machinery";"absolute";"Scope 2";0;2009;2020;3431.77995629796;5086.93;20;NA;NA;NA;NA;NA;NA;NA;NA;NA;NA;NA;NA;NA;NA;NA
"Metso";"Canada";"Powered machinery";"Manufacturing";"Agriculture, construction & mining machinery, Industrial machinery";"absolute";"Scope 2";0;2009;2020;220.542288868407;326.91;20;NA;NA;NA;NA;NA;NA;NA;NA;NA;NA;NA;NA;NA;NA;NA
"Metso";"China";"Powered machinery";"Manufacturing";"Agriculture, construction & mining machinery, Industrial machinery";"absolute";"Scope 2";0;2009;2020;15739.5724275343;23330.78;20;NA;NA;NA;NA;NA;NA;NA;NA;NA;NA;NA;NA;NA;NA;NA
"Metso";"Denmark";"Powered machinery";"Manufacturing";"Agriculture, construction & mining machinery, Industrial machinery";"absolute";"Scope 2";0;2009;2020;355.18433105848;526.49;20;NA;NA;NA;NA;NA;NA;NA;NA;NA;NA;NA;NA;NA;NA;NA
"Metso";"Finland";"Powered machinery";"Manufacturing";"Agriculture, construction & mining machinery, Industrial machinery";"absolute";"Scope 2";0;2009;2020;2380.09729275188;3528.02;20;NA;NA;NA;NA;NA;NA;NA;NA;NA;NA;NA;NA;NA;NA;NA
"Metso";"France";"Powered machinery";"Manufacturing";"Agriculture, construction & mining machinery, Industrial machinery";"absolute";"Scope 2";0;2009;2020;81.9874104988455;121.53;20;NA;NA;NA;NA;NA;NA;NA;NA;NA;NA;NA;NA;NA;NA;NA
"Metso";"Germany";"Powered machinery";"Manufacturing";"Agriculture, construction & mining machinery, Industrial machinery";"absolute";"Scope 2";0;2009;2020;123.780548657353;183.48;20;NA;NA;NA;NA;NA;NA;NA;NA;NA;NA;NA;NA;NA;NA;NA
"Metso";"India";"Powered machinery";"Manufacturing";"Agriculture, construction & mining machinery, Industrial machinery";"absolute";"Scope 2";0;2009;2020;9361.5145295817;13876.58;20;NA;NA;NA;NA;NA;NA;NA;NA;NA;NA;NA;NA;NA;NA;NA
"Metso";"Mexico";"Powered machinery";"Manufacturing";"Agriculture, construction & mining machinery, Industrial machinery";"absolute";"Scope 2";0;2009;2020;322.471671344097;478;20;NA;NA;NA;NA;NA;NA;NA;NA;NA;NA;NA;NA;NA;NA;NA
"Metso";"South Africa";"Powered machinery";"Manufacturing";"Agriculture, construction & mining machinery, Industrial machinery";"absolute";"Scope 2";0;2009;2020;13018.9167155122;19297.95;20;NA;NA;NA;NA;NA;NA;NA;NA;NA;NA;NA;NA;NA;NA;NA
"Metso";"Spain";"Powered machinery";"Manufacturing";"Agriculture, construction & mining machinery, Industrial machinery";"absolute";"Scope 2";0;2009;2020;6076.96515394095;9007.89;20;NA;NA;NA;NA;NA;NA;NA;NA;NA;NA;NA;NA;NA;NA;NA
"Metso";"Sweden";"Powered machinery";"Manufacturing";"Agriculture, construction & mining machinery, Industrial machinery";"absolute";"Scope 2";0;2009;2020;225.129751975394;333.71;20;NA;NA;NA;NA;NA;NA;NA;NA;NA;NA;NA;NA;NA;NA;NA
"Metso";"United States of America";"Powered machinery";"Manufacturing";"Agriculture, construction & mining machinery, Industrial machinery";"absolute";"Scope 2";0;2009;2020;2522.28166399138;3738.78;20;NA;NA;NA;NA;NA;NA;NA;NA;NA;NA;NA;NA;NA;NA;NA
"MTR Corporation";"China, Hong Kong Special Administrative Region";"Discretionary retail, Entertainment facilities, Land & property ownership & development, Media, telecommunications & data center services, Other services, Rail transport, Web & marketing services";"Hospitality, Infrastructure, Retail, Services, Transportation services";"Marketing, Passenger rail, Real estate owners & developers, Real estate services, Recreation & entertainment facilities, Specialist retail, Telecommunications services";"absolute";"Scope 2";0;2013;2023;73954;1257664;12;NA;NA;NA;NA;NA;NA;NA;NA;NA;NA;NA;NA;NA;NA;NA
"Murray & Roberts Holdings Limited";"Canada";"Construction, Industrial support services";"Infrastructure, Services";"Energy infrastructure construction, Mining & metals support services, Transportation infrastructure & other construction";"absolute";"Scope 2";0;2016;2020;348.808401686728;1266.10862829347;25;NA;NA;NA;NA;NA;NA;NA;NA;NA;NA;NA;NA;NA;NA;NA
"Murray & Roberts Holdings Limited";"South Africa";"Construction, Industrial support services";"Infrastructure, Services";"Energy infrastructure construction, Mining & metals support services, Transportation infrastructure & other construction";"absolute";"Scope 2";0;2016;2020;3244.85140231316;11778.1978247434;25;NA;NA;NA;NA;NA;NA;NA;NA;NA;NA;NA;NA;NA;NA;NA
"Nan Ya Plastics";"Taiwan (Province of China)";"Chemicals, Non-energy utilities, Plastic product manufacturing";"Infrastructure, Manufacturing";"Other base chemicals, Plastic products, Specialty chemicals, Waste management";"absolute";"Scope 2";0;2017;2022;2023243;3517980.83;2.8;NA;NA;NA;NA;NA;NA;NA;NA;NA;NA;NA;NA;NA;NA;NA
"Netcare Limited";"South Africa";"Health care provision, Other services";"Biotech, health care & pharma, Services";"Health care facilities, Health care services";"absolute";"Scope 2";0;2013;2023;0;0;20;NA;NA;NA;NA;NA;NA;NA;NA;NA;NA;NA;NA;NA;NA;NA
"OMNIA HOLDINGS LTD";"South Africa";"Chemicals";"Manufacturing";"Nitrogenous fertilizers, Specialty chemicals";"absolute";"Scope 2";0;2014;2019;100336.786398858;75591.7509176183;15;NA;NA;NA;NA;NA;NA;NA;NA;NA;NA;NA;NA;NA;NA;NA
"Prosafe";"Brazil";"Industrial support services";"Services";"Energy services & equipment";"absolute";"Scope 2";0;2015;2020;7.66374133949192;3.2;10;NA;NA;NA;NA;NA;NA;NA;NA;NA;NA;NA;NA;NA;NA;NA
"Prosafe";"United Kingdom of Great Britain and Northern Ireland";"Industrial support services";"Services";"Energy services & equipment";"absolute";"Scope 2";0;2015;2020;149.466905311778;62.41;10;NA;NA;NA;NA;NA;NA;NA;NA;NA;NA;NA;NA;NA;NA;NA
"RCL Foods Ltd";"South Africa";"Food & beverage processing";"Food, beverage & agriculture";"Other food processing";"absolute";"Scope 2";0;2015;2020;554790.86;503762.21;15;NA;NA;NA;NA;NA;NA;NA;NA;NA;NA;NA;NA;NA;NA;NA
"Red Eléctrica S.A.U";"Spain";"Energy utility networks";"Infrastructure";"Electricity networks";"absolute";"Scope 2";0;2015;2020;5440.68;956967.29;85;2015;2030;5440.68;956967.29;90;NA;NA;NA;NA;NA;NA;NA;NA;NA;NA
"Remgro";"South Africa";"Food & beverage processing, Metal products manufacturing, Web & marketing services";"Food, beverage & agriculture, Manufacturing, Services";"Animal processing, Fabricated metal components, Marketing";"absolute";"Scope 2";0;2015;2020;397230.26;387782.46;15;NA;NA;NA;NA;NA;NA;NA;NA;NA;NA;NA;NA;NA;NA;NA
"Reynders Label Printing";"Belgium";"Light manufacturing";"Manufacturing";"Other containers & packaging";"absolute";"Scope 2";0;2017;2025;2169.79349525908;2170.03;0.05;NA;NA;NA;NA;NA;NA;NA;NA;NA;NA;NA;NA;NA;NA;NA
"Reynders Label Printing";"France";"Light manufacturing";"Manufacturing";"Other containers & packaging";"absolute";"Scope 2";0;2017;2025;86.3305900750996;86.3399999999999;0.05;NA;NA;NA;NA;NA;NA;NA;NA;NA;NA;NA;NA;NA;NA;NA
"Reynders Label Printing";"India";"Light manufacturing";"Manufacturing";"Other containers & packaging";"absolute";"Scope 2";0;2017;2025;349.031955959172;349.07;0.05;NA;NA;NA;NA;NA;NA;NA;NA;NA;NA;NA;NA;NA;NA;NA
"Reynders Label Printing";"Poland";"Light manufacturing";"Manufacturing";"Other containers & packaging";"absolute";"Scope 2";0;2017;2025;1339.83395979652;1339.98;0.05;NA;NA;NA;NA;NA;NA;NA;NA;NA;NA;NA;NA;NA;NA;NA
"Scandic Hotels Group";"Belgium";"Bars, hotels & restaurants";"Hospitality";"Hotels & lodging";"absolute";"Scope 2";0;2015;2020;8.93770046633303;48.9000000000001;100;NA;NA;NA;NA;NA;NA;NA;NA;NA;NA;NA;NA;NA;NA;NA
"Scandic Hotels Group";"Denmark";"Bars, hotels & restaurants";"Hospitality";"Hotels & lodging";"absolute";"Scope 2";0;2015;2020;433.048951224598;2369.29999999999;100;NA;NA;NA;NA;NA;NA;NA;NA;NA;NA;NA;NA;NA;NA;NA
"Scandic Hotels Group";"Finland";"Bars, hotels & restaurants";"Hospitality";"Hotels & lodging";"absolute";"Scope 2";0;2015;2020;1746.85436476342;9557.39999999999;100;NA;NA;NA;NA;NA;NA;NA;NA;NA;NA;NA;NA;NA;NA;NA
"Scandic Hotels Group";"Germany";"Bars, hotels & restaurants";"Hospitality";"Hotels & lodging";"absolute";"Scope 2";0;2015;2020;153.951433594935;842.3;100;NA;NA;NA;NA;NA;NA;NA;NA;NA;NA;NA;NA;NA;NA;NA
"Scandic Hotels Group";"Poland";"Bars, hotels & restaurants";"Hospitality";"Hotels & lodging";"absolute";"Scope 2";0;2015;2020;160.969995924325;880.700000000001;100;NA;NA;NA;NA;NA;NA;NA;NA;NA;NA;NA;NA;NA;NA;NA
"Scandic Hotels Group";"Sweden";"Bars, hotels & restaurants";"Hospitality";"Hotels & lodging";"absolute";"Scope 2";0;2015;2020;1128.98327219821;6176.89999999999;100;NA;NA;NA;NA;NA;NA;NA;NA;NA;NA;NA;NA;NA;NA;NA
"SCOTIA GAS NETWORKS";"United Kingdom of Great Britain and Northern Ireland";"Oil & gas storage & transportation";"Fossil Fuels";"Oil & gas pipelines & storage";"absolute";"Scope 2";0;2012;2021;7406.92928482816;3578.56;51.7;NA;NA;NA;NA;NA;NA;NA;NA;NA;NA;NA;NA;NA;NA;NA
"SIAS";"Italy";"Construction, Industrial support services, Land & property ownership & development";"Infrastructure, Services";"Infrastructure upkeep & management, Transportation infrastructure & other construction, Transportation support services";"absolute";"Scope 2";0;2017;2021;27772;27772;18;NA;NA;NA;NA;NA;NA;NA;NA;NA;NA;NA;NA;NA;NA;NA
"Skandinaviska Enskilda Banken AB (SEB AB)";"Denmark";"Financial services";"Services";"Asset managers, Banks";"absolute";"Scope 2";0;2015;2020;410.149154157732;442.026447462473;20;NA;NA;NA;NA;NA;NA;NA;NA;NA;NA;NA;NA;NA;NA;NA
"Skandinaviska Enskilda Banken AB (SEB AB)";"Estonia";"Financial services";"Services";"Asset managers, Banks";"absolute";"Scope 2";0;2015;2020;430.839170836311;464.324517512509;20;NA;NA;NA;NA;NA;NA;NA;NA;NA;NA;NA;NA;NA;NA;NA
"Skandinaviska Enskilda Banken AB (SEB AB)";"Finland";"Financial services";"Services";"Asset managers, Banks";"absolute";"Scope 2";0;2015;2020;0;0;20;NA;NA;NA;NA;NA;NA;NA;NA;NA;NA;NA;NA;NA;NA;NA
"Skandinaviska Enskilda Banken AB (SEB AB)";"Germany";"Financial services";"Services";"Asset managers, Banks";"absolute";"Scope 2";0;2015;2020;1488.46414105314;1604.14939242316;20;NA;NA;NA;NA;NA;NA;NA;NA;NA;NA;NA;NA;NA;NA;NA
"Skandinaviska Enskilda Banken AB (SEB AB)";"Latvia";"Financial services";"Services";"Asset managers, Banks";"absolute";"Scope 2";0;2015;2020;399.195615916131;430.221586847748;20;NA;NA;NA;NA;NA;NA;NA;NA;NA;NA;NA;NA;NA;NA;NA
"Skandinaviska Enskilda Banken AB (SEB AB)";"Lithuania";"Financial services";"Services";"Asset managers, Banks";"absolute";"Scope 2";0;2015;2020;1741.61258041458;1876.97283774124;20;NA;NA;NA;NA;NA;NA;NA;NA;NA;NA;NA;NA;NA;NA;NA
"Skandinaviska Enskilda Banken AB (SEB AB)";"Luxembourg";"Financial services";"Services";"Asset managers, Banks";"absolute";"Scope 2";0;2015;2020;46.2482725756492;49.8427448177269;20;NA;NA;NA;NA;NA;NA;NA;NA;NA;NA;NA;NA;NA;NA;NA
"Skandinaviska Enskilda Banken AB (SEB AB)";"Sweden";"Financial services";"Services";"Asset managers, Banks";"absolute";"Scope 2";0;2015;2020;219.070764832023;236.097212294496;20;NA;NA;NA;NA;NA;NA;NA;NA;NA;NA;NA;NA;NA;NA;NA
"Skandinaviska Enskilda Banken AB (SEB AB)";"United Kingdom";"Financial services";"Services";"Asset managers, Banks";"absolute";"Scope 2";0;2015;2020;7.3023588277341;7.86990707648322;20;NA;NA;NA;NA;NA;NA;NA;NA;NA;NA;NA;NA;NA;NA;NA
"SSE";"Ireland";"Energy utility networks, Industrial support services, Oil & gas extraction & production, Oil & gas storage & transportation, Renewable power generation";"Fossil Fuels, Infrastructure, Power generation, Services";"Electricity networks, Gas utilities, Industrial services, Oil & gas extraction, Oil & gas pipelines & storage, Other renewable generation";"absolute";"Scope 2";0;2018;2030;0.065999935082031;549;20;NA;NA;NA;NA;NA;NA;NA;NA;NA;NA;NA;NA;NA;NA;NA
"SSE";"United Kingdom of Great Britain and Northern Ireland";"Energy utility networks, Industrial support services, Oil & gas extraction & production, Oil & gas storage & transportation, Renewable power generation";"Fossil Fuels, Infrastructure, Power generation, Services";"Electricity networks, Gas utilities, Industrial services, Oil & gas extraction, Oil & gas pipelines & storage, Other renewable generation";"absolute";"Scope 2";0;2018;2030;99.934000064918;831270;20;NA;NA;NA;NA;NA;NA;NA;NA;NA;NA;NA;NA;NA;NA;NA
"Standard Bank Group";"South Africa";"Financial services";"Services";"Asset managers, Banks, Insurance";"absolute";"Scope 2";0;2014;2020;283314;220408;22;NA;NA;NA;NA;NA;NA;NA;NA;NA;NA;NA;NA;NA;NA;NA
"Stockmann Oyj";"Finland";"Discretionary retail, Other services";"Retail, Services";"Apparel stores, Real estate services";"absolute";"Scope 2";0;2015;2020;5339.8773006135;18807.3619631902;4;NA;NA;NA;NA;NA;NA;NA;NA;NA;NA;NA;NA;NA;NA;NA
"Sumitomo Mitsui Financial Group";"Belgium";"Financial services";"Services";"Banks";"absolute";"Scope 2";0;2009;2030;3.20476653788768;63.8799999999999;19;NA;NA;NA;NA;NA;NA;NA;NA;NA;NA;NA;NA;NA;NA;NA
"Sumitomo Mitsui Financial Group";"Brazil";"Financial services";"Services";"Banks";"absolute";"Scope 2";0;2009;2030;1.88382879614406;37.5499999999999;19;NA;NA;NA;NA;NA;NA;NA;NA;NA;NA;NA;NA;NA;NA;NA
"Sumitomo Mitsui Financial Group";"Canada";"Financial services";"Services";"Banks";"absolute";"Scope 2";0;2009;2030;1.29485009929369;25.81;19;NA;NA;NA;NA;NA;NA;NA;NA;NA;NA;NA;NA;NA;NA;NA
"Sumitomo Mitsui Financial Group";"China";"Financial services";"Services";"Banks";"absolute";"Scope 2";0;2009;2030;95.1481539255111;1896.57;19;NA;NA;NA;NA;NA;NA;NA;NA;NA;NA;NA;NA;NA;NA;NA
"Sumitomo Mitsui Financial Group";"Germany";"Financial services";"Services";"Banks";"absolute";"Scope 2";0;2009;2030;5.63192065659474;112.26;19;NA;NA;NA;NA;NA;NA;NA;NA;NA;NA;NA;NA;NA;NA;NA
"Sumitomo Mitsui Financial Group";"India";"Financial services";"Services";"Banks";"absolute";"Scope 2";0;2009;2030;4.19559526555333;83.6300000000001;19;NA;NA;NA;NA;NA;NA;NA;NA;NA;NA;NA;NA;NA;NA;NA
"Sumitomo Mitsui Financial Group";"Indonesia";"Financial services";"Services";"Banks";"absolute";"Scope 2";0;2009;2030;57.3571937241953;1143.29;19;NA;NA;NA;NA;NA;NA;NA;NA;NA;NA;NA;NA;NA;NA;NA
"Sumitomo Mitsui Financial Group";"Ireland";"Financial services";"Services";"Banks";"absolute";"Scope 2";0;2009;2030;1.33899841728588;26.6900000000001;19;NA;NA;NA;NA;NA;NA;NA;NA;NA;NA;NA;NA;NA;NA;NA
"Sumitomo Mitsui Financial Group";"Italy";"Financial services";"Services";"Banks";"absolute";"Scope 2";0;2009;2030;1.07661693649138;21.46;19;NA;NA;NA;NA;NA;NA;NA;NA;NA;NA;NA;NA;NA;NA;NA
"Sumitomo Mitsui Financial Group";"Japan";"Financial services";"Services";"Banks";"absolute";"Scope 2";0;2009;2030;8198;163409.17;19;NA;NA;NA;NA;NA;NA;NA;NA;NA;NA;NA;NA;NA;NA;NA
"Sumitomo Mitsui Financial Group";"Mexico";"Financial services";"Services";"Banks";"absolute";"Scope 2";0;2009;2030;1.08665064512597;21.6600000000001;19;NA;NA;NA;NA;NA;NA;NA;NA;NA;NA;NA;NA;NA;NA;NA
"Sumitomo Mitsui Financial Group";"Taiwan (Province of China)";"Financial services";"Services";"Banks";"absolute";"Scope 2";0;2009;2030;19.0239115711805;379.2;19;NA;NA;NA;NA;NA;NA;NA;NA;NA;NA;NA;NA;NA;NA;NA
"Sumitomo Mitsui Financial Group";"United Kingdom of Great Britain and Northern Ireland";"Financial services";"Services";"Banks";"absolute";"Scope 2";0;2009;2030;110.424475321673;2201.07;19;NA;NA;NA;NA;NA;NA;NA;NA;NA;NA;NA;NA;NA;NA;NA
"Sumitomo Mitsui Financial Group";"United States of America";"Financial services";"Services";"Banks";"absolute";"Scope 2";0;2009;2030;313.25689874075;6244.09;19;NA;NA;NA;NA;NA;NA;NA;NA;NA;NA;NA;NA;NA;NA;NA
"Sun International Ltd";"South Africa";"Bars, hotels & restaurants, Entertainment facilities";"Hospitality";"Gambling, Hotels & lodging";"absolute";"Scope 2";0;2017;2022;244351;244351;15;NA;NA;NA;NA;NA;NA;NA;NA;NA;NA;NA;NA;NA;NA;NA
"Superdry";"Austria";"Apparel design, Discretionary retail";"Apparel, Retail";"Apparel & footwear design, Apparel stores";"absolute";"Scope 2";0;2014;2020;0;0;98;NA;NA;NA;NA;NA;NA;NA;NA;NA;NA;NA;NA;NA;NA;NA
"Superdry";"Belgium";"Apparel design, Discretionary retail";"Apparel, Retail";"Apparel & footwear design, Apparel stores";"absolute";"Scope 2";0;2014;2020;0;0;98;NA;NA;NA;NA;NA;NA;NA;NA;NA;NA;NA;NA;NA;NA;NA
"Superdry";"China, Hong Kong Special Administrative Region";"Apparel design, Discretionary retail";"Apparel, Retail";"Apparel & footwear design, Apparel stores";"absolute";"Scope 2";0;2014;2020;0;0;98;NA;NA;NA;NA;NA;NA;NA;NA;NA;NA;NA;NA;NA;NA;NA
"Superdry";"Denmark";"Apparel design, Discretionary retail";"Apparel, Retail";"Apparel & footwear design, Apparel stores";"absolute";"Scope 2";0;2014;2020;423.740506329114;9;98;NA;NA;NA;NA;NA;NA;NA;NA;NA;NA;NA;NA;NA;NA;NA
"Superdry";"France";"Apparel design, Discretionary retail";"Apparel, Retail";"Apparel & footwear design, Apparel stores";"absolute";"Scope 2";0;2014;2020;0;0;98;NA;NA;NA;NA;NA;NA;NA;NA;NA;NA;NA;NA;NA;NA;NA
"Superdry";"Germany";"Apparel design, Discretionary retail";"Apparel, Retail";"Apparel & footwear design, Apparel stores";"absolute";"Scope 2";0;2014;2020;0;0;98;NA;NA;NA;NA;NA;NA;NA;NA;NA;NA;NA;NA;NA;NA;NA
"Superdry";"India";"Apparel design, Discretionary retail";"Apparel, Retail";"Apparel & footwear design, Apparel stores";"absolute";"Scope 2";0;2014;2020;0;0;98;NA;NA;NA;NA;NA;NA;NA;NA;NA;NA;NA;NA;NA;NA;NA
"Superdry";"Ireland";"Apparel design, Discretionary retail";"Apparel, Retail";"Apparel & footwear design, Apparel stores";"absolute";"Scope 2";0;2014;2020;0;0;98;NA;NA;NA;NA;NA;NA;NA;NA;NA;NA;NA;NA;NA;NA;NA
"Superdry";"Italy";"Apparel design, Discretionary retail";"Apparel, Retail";"Apparel & footwear design, Apparel stores";"absolute";"Scope 2";0;2014;2020;0;0;98;NA;NA;NA;NA;NA;NA;NA;NA;NA;NA;NA;NA;NA;NA;NA
"Superdry";"Netherlands";"Apparel design, Discretionary retail";"Apparel, Retail";"Apparel & footwear design, Apparel stores";"absolute";"Scope 2";0;2014;2020;0;0;98;NA;NA;NA;NA;NA;NA;NA;NA;NA;NA;NA;NA;NA;NA;NA
"Superdry";"Spain";"Apparel design, Discretionary retail";"Apparel, Retail";"Apparel & footwear design, Apparel stores";"absolute";"Scope 2";0;2014;2020;0;0;98;NA;NA;NA;NA;NA;NA;NA;NA;NA;NA;NA;NA;NA;NA;NA
"Superdry";"Sweden";"Apparel design, Discretionary retail";"Apparel, Retail";"Apparel & footwear design, Apparel stores";"absolute";"Scope 2";0;2014;2020;0;0;98;NA;NA;NA;NA;NA;NA;NA;NA;NA;NA;NA;NA;NA;NA;NA
"Superdry";"United Kingdom of Great Britain and Northern Ireland";"Apparel design, Discretionary retail";"Apparel, Retail";"Apparel & footwear design, Apparel stores";"absolute";"Scope 2";0;2014;2020;7015.25949367089;149;98;NA;NA;NA;NA;NA;NA;NA;NA;NA;NA;NA;NA;NA;NA;NA
"Superdry";"United States of America";"Apparel design, Discretionary retail";"Apparel, Retail";"Apparel & footwear design, Apparel stores";"absolute";"Scope 2";0;2014;2020;0;0;98;NA;NA;NA;NA;NA;NA;NA;NA;NA;NA;NA;NA;NA;NA;NA
"Syniverse";"China";"Media, telecommunications & data center services";"Services";"Telecommunications services";"absolute";"Scope 2";0;2010;2020;0;0;27.8;NA;NA;NA;NA;NA;NA;NA;NA;NA;NA;NA;NA;NA;NA;NA
"Syniverse";"China, Hong Kong Special Administrative Region";"Media, telecommunications & data center services";"Services";"Telecommunications services";"absolute";"Scope 2";0;2010;2020;0;0;27.8;NA;NA;NA;NA;NA;NA;NA;NA;NA;NA;NA;NA;NA;NA;NA
"Syniverse";"Germany";"Media, telecommunications & data center services";"Services";"Telecommunications services";"absolute";"Scope 2";0;2010;2020;0;0;27.8;NA;NA;NA;NA;NA;NA;NA;NA;NA;NA;NA;NA;NA;NA;NA
"Syniverse";"India";"Media, telecommunications & data center services";"Services";"Telecommunications services";"absolute";"Scope 2";0;2010;2020;0;0;27.8;NA;NA;NA;NA;NA;NA;NA;NA;NA;NA;NA;NA;NA;NA;NA
"Syniverse";"Luxembourg";"Media, telecommunications & data center services";"Services";"Telecommunications services";"absolute";"Scope 2";0;2010;2020;0;0;27.8;NA;NA;NA;NA;NA;NA;NA;NA;NA;NA;NA;NA;NA;NA;NA
"Syniverse";"United Kingdom of Great Britain and Northern Ireland";"Media, telecommunications & data center services";"Services";"Telecommunications services";"absolute";"Scope 2";0;2010;2020;0;0;27.8;NA;NA;NA;NA;NA;NA;NA;NA;NA;NA;NA;NA;NA;NA;NA
"Syniverse";"United States of America";"Media, telecommunications & data center services";"Services";"Telecommunications services";"absolute";"Scope 2";0;2010;2020;10336;2835.13;27.8;NA;NA;NA;NA;NA;NA;NA;NA;NA;NA;NA;NA;NA;NA;NA
"Tata Motors";"India";"Powered machinery, Transportation equipment";"Manufacturing";"Agriculture, construction & mining machinery, Automobiles";"absolute";"Scope 2";0;2012;2020;413366;311058;30;2012;2040;413366;311058;70;NA;NA;NA;NA;NA;NA;NA;NA;NA;NA
"Terna";"Italy";"Energy utility networks";"Infrastructure";"Electricity networks";"absolute";"Scope 2";0;2016;2022;74716;72489.3;8;NA;NA;NA;NA;NA;NA;NA;NA;NA;NA;NA;NA;NA;NA;NA
"Tesco";"China";"Convenience retail, Financial services, Oil & gas retailing";"Fossil Fuels, Retail, Services";"Banks, Oil & gas marketing & retailing, Supermarkets, food & drugstores";"absolute";"Scope 2";0;2015;2025;185.397908151277;63.71;60;NA;NA;NA;NA;NA;NA;NA;NA;NA;NA;NA;NA;NA;NA;NA
"Tesco";"China, Hong Kong Special Administrative Region";"Convenience retail, Financial services, Oil & gas retailing";"Fossil Fuels, Retail, Services";"Banks, Oil & gas marketing & retailing, Supermarkets, food & drugstores";"absolute";"Scope 2";0;2015;2025;945.322719556465;324.85;60;NA;NA;NA;NA;NA;NA;NA;NA;NA;NA;NA;NA;NA;NA;NA
"Tesco";"Hungary";"Convenience retail, Financial services, Oil & gas retailing";"Fossil Fuels, Retail, Services";"Banks, Oil & gas marketing & retailing, Supermarkets, food & drugstores";"absolute";"Scope 2";0;2015;2025;220736.507102053;75853.73;60;NA;NA;NA;NA;NA;NA;NA;NA;NA;NA;NA;NA;NA;NA;NA
"Tesco";"India";"Convenience retail, Financial services, Oil & gas retailing";"Fossil Fuels, Retail, Services";"Banks, Oil & gas marketing & retailing, Supermarkets, food & drugstores";"absolute";"Scope 2";0;2015;2025;22666.967666715;7789.26;60;NA;NA;NA;NA;NA;NA;NA;NA;NA;NA;NA;NA;NA;NA;NA
"Tesco";"Ireland";"Convenience retail, Financial services, Oil & gas retailing";"Fossil Fuels, Retail, Services";"Banks, Oil & gas marketing & retailing, Supermarkets, food & drugstores";"absolute";"Scope 2";0;2015;2025;1180.30751131938;405.6;60;NA;NA;NA;NA;NA;NA;NA;NA;NA;NA;NA;NA;NA;NA;NA
"Tesco";"Poland";"Convenience retail, Financial services, Oil & gas retailing";"Fossil Fuels, Retail, Services";"Banks, Oil & gas marketing & retailing, Supermarkets, food & drugstores";"absolute";"Scope 2";0;2015;2025;724408.642522605;248935.249999999;60;NA;NA;NA;NA;NA;NA;NA;NA;NA;NA;NA;NA;NA;NA;NA
"Tesco";"Slovakia";"Convenience retail, Financial services, Oil & gas retailing";"Fossil Fuels, Retail, Services";"Banks, Oil & gas marketing & retailing, Supermarkets, food & drugstores";"absolute";"Scope 2";0;2015;2025;0;0;60;NA;NA;NA;NA;NA;NA;NA;NA;NA;NA;NA;NA;NA;NA;NA
"Tesco";"United Kingdom of Great Britain and Northern Ireland";"Convenience retail, Financial services, Oil & gas retailing";"Fossil Fuels, Retail, Services";"Banks, Oil & gas marketing & retailing, Supermarkets, food & drugstores";"absolute";"Scope 2";0;2015;2025;0;0;60;NA;NA;NA;NA;NA;NA;NA;NA;NA;NA;NA;NA;NA;NA;NA
"Tieto Oyj";"Finland";"IT & software development, Specialized professional services";"Services";"IT services, Other professional services";"absolute";"Scope 2";0;2016;2020;17160.0130039012;9681.4267360208;50;NA;NA;NA;NA;NA;NA;NA;NA;NA;NA;NA;NA;NA;NA;NA
"Tieto Oyj";"Sweden";"IT & software development, Specialized professional services";"Services";"IT services, Other professional services";"absolute";"Scope 2";0;2016;2020;334.587126137842;188.769131339402;50;NA;NA;NA;NA;NA;NA;NA;NA;NA;NA;NA;NA;NA;NA;NA
"Tongaat Hulett Ltd";"South Africa";"Food & beverage processing, Land & property ownership & development";"Food, beverage & agriculture, Infrastructure";"Grain & corn milling, Land sales & leasing, Sugar";"absolute";"Scope 2";0;2013;2020;309504.591288127;232122;28;NA;NA;NA;NA;NA;NA;NA;NA;NA;NA;NA;NA;NA;NA;NA
"Vaisala Oyj";"United States of America";"Electrical & electronic equipment";"Manufacturing";"Electrical equipment";"absolute";"Scope 2";0;2014;2020;5136.41204971561;746.1;100;NA;NA;NA;NA;NA;NA;NA;NA;NA;NA;NA;NA;NA;NA;NA
"Veidekke ASA";"Denmark";"Construction";"Infrastructure";"Building sub-contractors, Non-residential building construction, Transportation infrastructure & other construction";"absolute";"Scope 2";0;2014;2021;39.8597488312403;79.8914657622149;11;NA;NA;NA;NA;NA;NA;NA;NA;NA;NA;NA;NA;NA;NA;NA
"Veidekke ASA";"Sweden";"Construction";"Infrastructure";"Building sub-contractors, Non-residential building construction, Transportation infrastructure & other construction";"absolute";"Scope 2";0;2014;2021;478.614446787056;959.293794114948;11;NA;NA;NA;NA;NA;NA;NA;NA;NA;NA;NA;NA;NA;NA;NA
"Ventas Inc";"Canada";"Financial services";"Services";"REIT";"absolute";"Scope 2";0;2013;2023;4268.45941587102;8457.40000000001;10;NA;NA;NA;NA;NA;NA;NA;NA;NA;NA;NA;NA;NA;NA;NA
"Ventas Inc";"United States of America";"Financial services";"Services";"REIT";"absolute";"Scope 2";0;2013;2023;179271.550584129;355203.38;10;NA;NA;NA;NA;NA;NA;NA;NA;NA;NA;NA;NA;NA;NA;NA
"WEIHAI MAXPOWER ADVANCED";"China";"Metal products manufacturing";"Manufacturing";"Fabricated metal components";"absolute";"Scope 2";0;2016;2021;26738;24543;17;NA;NA;NA;NA;NA;NA;NA;NA;NA;NA;NA;NA;NA;NA;NA
"Western Digital Corp";"India";"Electrical & electronic equipment";"Manufacturing";"Computer hardware";"absolute";"Scope 2";0;2016;2023;14276.8243498516;14150.8110045876;10;NA;NA;NA;NA;NA;NA;NA;NA;NA;NA;NA;NA;NA;NA;NA
"Western Digital Corp";"United States of America";"Electrical & electronic equipment";"Manufacturing";"Computer hardware";"absolute";"Scope 2";0;2016;2023;83353.7369579729;82618.0212990185;10;NA;NA;NA;NA;NA;NA;NA;NA;NA;NA;NA;NA;NA;NA;NA
"WHISTL UK LTD";"United Kingdom of Great Britain and Northern Ireland";"Intermodal transport & logistics, Leisure & home manufacturing";"Manufacturing, Transportation services";"Furniture, Logistics - transport";"absolute";"Scope 2";0;2016;2021;2011;1904;1.5;NA;NA;NA;NA;NA;NA;NA;NA;NA;NA;NA;NA;NA;NA;NA
"YOOX Net-A-Porter Group";"China";"Discretionary retail";"Retail";"Discretionary delivery retail";"absolute";"Scope 2";0;2016;2020;174;194.119131044149;100;NA;NA;NA;NA;NA;NA;NA;NA;NA;NA;NA;NA;NA;NA;NA
"YOOX Net-A-Porter Group";"Italy";"Discretionary retail";"Retail";"Discretionary delivery retail";"absolute";"Scope 2";0;2016;2020;807;900.311142256482;100;NA;NA;NA;NA;NA;NA;NA;NA;NA;NA;NA;NA;NA;NA;NA
"YOOX Net-A-Porter Group";"Japan";"Discretionary retail";"Retail";"Discretionary delivery retail";"absolute";"Scope 2";0;2016;2020;19;21.1969166082691;100;NA;NA;NA;NA;NA;NA;NA;NA;NA;NA;NA;NA;NA;NA;NA
"YOOX Net-A-Porter Group";"United Kingdom";"Discretionary retail";"Retail";"Discretionary delivery retail";"absolute";"Scope 2";0;2016;2020;1628;1816.24106517169;100;NA;NA;NA;NA;NA;NA;NA;NA;NA;NA;NA;NA;NA;NA;NA
"YOOX Net-A-Porter Group";"United States of America";"Discretionary retail";"Retail";"Discretionary delivery retail";"absolute";"Scope 2";0;2016;2020;3264;3641.40714786265;100;NA;NA;NA;NA;NA;NA;NA;NA;NA;NA;NA;NA;NA;NA;NA
